AEROFLOT,MOSCOW,DELHI,110123,114880
AEROLOGIC,ASHGABAT,DELHI,0,0
AEROLOGIC,BAHRAIN,BENGALURU,0,0
AEROLOGIC,BAHRAIN,DELHI,0,0
AEROLOGIC,BAHRAIN,MUMBAI,0,0
AEROLOGIC,DHAKA,CHENNAI,0,0
AEROLOGIC,DHAKA,DELHI,0,0
AEROLOGIC,FRANKFURT,BENGALURU,0,0
AEROLOGIC,FRANKFURT,CHENNAI,0,0
AEROLOGIC,FRANKFURT,DELHI,0,0
AEROLOGIC,FRANKFURT,MUMBAI,0,0
AEROLOGIC,HONG KONG,BENGALURU,0,0
AEROLOGIC,HONG KONG,CHENNAI,0,0
AEROLOGIC,LEIPZIG,BENGALURU,0,0
AEROLOGIC,LEIPZIG,DELHI,0,0
AEROLOGIC,LEIPZIG,MUMBAI,0,0
AEROLOGIC,SINGAPORE,BENGALURU,0,0
AEROLOGIC,TEHRAN,MUMBAI,0,0
AIR ARABIA,SHARJAH,AHMEDABAD,51782,54427
AIR ARABIA,SHARJAH,BENGALURU,51184,53808
AIR ARABIA,SHARJAH,CHENNAI,57005,57833
AIR ARABIA,SHARJAH,COIMBATORE,40517,40757
AIR ARABIA,SHARJAH,DELHI,108279,111249
AIR ARABIA,SHARJAH,GOA,33280,34497
AIR ARABIA,SHARJAH,HYDERABAD,57650,56330
AIR ARABIA,SHARJAH,JAIPUR,56268,56268
AIR ARABIA,SHARJAH,KOCHI,115824,117206
AIR ARABIA,SHARJAH,KOZHIKODE,58341,58575
AIR ARABIA,SHARJAH,MUMBAI,98927,109558
AIR ARABIA,SHARJAH,NAGPUR,24169,25728
AIR ARABIA,SHARJAH,TRIVANDRUM,115725,114583
AIR ASIA BERHAD,KUALALUMPUR,HYDERABAD,48161,47336
AIR ASIA BERHAD,KUALALUMPUR,KOCHI,89477,89097
AIR ASIA BERHAD,KUALALUMPUR,KOLKATA,47928,45947
AIR ASIA BERHAD,KUALALUMPUR,TIRUCHIRAPALLY,163472,152165
AIR ASIA BERHAD,KUALALUMPUR,VISAKHAPATNAM,20725,19165
AIR ASIA X,KUALALUMPUR,DELHI,61052,63688
AIR ASTANA,ALMATY,DELHI,36458,38964
AIR AUSTRAL,BANGKOK,CHENNAI,340,459
AIR AUSTRAL,REUNION,CHENNAI,4358,4135
AIR CANADA,TORONTO,DELHI,67490,69862
AIR CANADA,VANCOUVER,DELHI,15380,14274
AIR CHINA,PEKING,DELHI,43826,43784
AIR FRANCE,PARIS,BENGALURU,61648,58787
AIR FRANCE,PARIS,DELHI,74561,80682
AIR FRANCE,PARIS,MUMBAI,70313,75095
AIR INDIA,ABUDHABI,DELHI,1815,2228
AIR INDIA,ABUDHABI,MUMBAI,32911,31938
AIR INDIA,BAHRAIN,DELHI,19424,18261
AIR INDIA,BANGKOK,AHMEDABAD,4151,0
AIR INDIA,BANGKOK,DELHI,63864,61572
AIR INDIA,BANGKOK,MUMBAI,63098,62131
AIR INDIA,BIRMINGHAM,AMRITSAR,26203,25106
AIR INDIA,BIRMINGHAM,DELHI,46728,44894
AIR INDIA,CHICAGO,DELHI,74750,84878
AIR INDIA,CHICAGO,HYDERABAD,19180,18053
AIR INDIA,COLOMBO,CHENNAI,49531,48612
AIR INDIA,COLOMBO,DELHI,44410,53421
AIR INDIA,DAMMAM,DELHI,48589,43251
AIR INDIA,DHAKA,KOLKATA,34199,41663
AIR INDIA,DUBAI,BENGALURU,5136,4020
AIR INDIA,DUBAI,CHENNAI,57037,55013
AIR INDIA,DUBAI,DELHI,77415,82232
AIR INDIA,DUBAI,GOA,15950,14961
AIR INDIA,DUBAI,HYDERABAD,41224,37807
AIR INDIA,DUBAI,KOCHI,60597,56856
AIR INDIA,DUBAI,KOZHIKODE,60866,57265
AIR INDIA,DUBAI,MUMBAI,55771,51822
AIR INDIA,DUBAI,VISAKHAPATNAM,17530,13231
AIR INDIA,FRANKFURT,DELHI,72026,69441
AIR INDIA,HONG KONG,DELHI,41724,48182
AIR INDIA,HONG KONG,MUMBAI,11874,10506
AIR INDIA,JEDDAH,DELHI,36477,27973
AIR INDIA,JEDDAH,HYDERABAD,26549,26322
AIR INDIA,JEDDAH,KOCHI,60535,56398
AIR INDIA,JEDDAH,LUCKNOW,8323,8087
AIR INDIA,JEDDAH,MUMBAI,57259,55624
AIR INDIA,KABUL,DELHI,16807,14686
AIR INDIA,KATHMANDU,DELHI,73139,73587
AIR INDIA,KATHMANDU,KOLKATA,17626,16674
AIR INDIA,KUWAIT,AHMEDABAD,6649,8560
AIR INDIA,KUWAIT,BENGALURU,4,0
AIR INDIA,KUWAIT,CHENNAI,22705,23403
AIR INDIA,KUWAIT,GOA,8279,12757
AIR INDIA,KUWAIT,HYDERABAD,7007,6251
AIR INDIA,LONDON,AHMEDABAD,28931,29023
AIR INDIA,LONDON,AMRITSAR,0,1314
AIR INDIA,LONDON,DELHI,161697,171948
AIR INDIA,LONDON,MUMBAI,68413,56934
AIR INDIA,MADRID,DELHI,8927,7764
AIR INDIA,MALE,BENGALURU,15768,17552
AIR INDIA,MALE,CHENNAI,3398,3377
AIR INDIA,MALE,DELHI,5460,6326
AIR INDIA,MALE,TRIVANDRUM,20956,21937
AIR INDIA,MALPENSA,DELHI,40267,33234
AIR INDIA,MELBOURNE,DELHI,30549,35496
AIR INDIA,MOSCOW,DELHI,13934,12751
AIR INDIA,MOSCOW,GOA,2525,2221
AIR INDIA,MUSCAT,BENGALURU,1966,1849
AIR INDIA,MUSCAT,CHENNAI,33733,33472
AIR INDIA,MUSCAT,DELHI,53859,38560
AIR INDIA,MUSCAT,HYDERABAD,13887,13175
AIR INDIA,MUSCAT,MUMBAI,36565,40793
AIR INDIA,NARITA,DELHI,31154,33283
AIR INDIA,NEW YORK,DELHI,88672,92349
AIR INDIA,NEW YORK,MUMBAI,7139,12836
AIR INDIA,NEWARK,AHMEDABAD,13215,18232
AIR INDIA,NEWARK,DELHI,6616,7866
AIR INDIA,NEWARK,MUMBAI,79096,82582
AIR INDIA,OSAKA,DELHI,5545,6082
AIR INDIA,OSAKA,MUMBAI,1118,835
AIR INDIA,PARIS,CHENNAI,10954,8094
AIR INDIA,PARIS,DELHI,69792,59321
AIR INDIA,RANGOON,DELHI,2084,1987
AIR INDIA,RANGOON,GAYA,7292,5295
AIR INDIA,RANGOON,KOLKATA,4412,6972
AIR INDIA,RANGOON,VARANASI,1100,531
AIR INDIA,RIYADH,DELHI,39692,31031
AIR INDIA,RIYADH,KOCHI,19754,16596
AIR INDIA,RIYADH,MUMBAI,66600,70922
AIR INDIA,RIYADH,TRIVANDRUM,24453,22544
AIR INDIA,ROME,DELHI,30713,25421
AIR INDIA,SAN FRANCISCO,BENGALURU,2649,3298
AIR INDIA,SAN FRANCISCO,DELHI,36929,42172
AIR INDIA,SEOUL,DELHI,9459,10938
AIR INDIA,SEOUL,MUMBAI,2285,1930
AIR INDIA,SHANGHAI,DELHI,39298,38655
AIR INDIA,SHANGHAI,MUMBAI,14332,13313
AIR INDIA,SHARJAH,BENGALURU,40,41
AIR INDIA,SHARJAH,CHENNAI,6378,8281
AIR INDIA,SHARJAH,GOA,64,65
AIR INDIA,SHARJAH,HYDERABAD,227,310
AIR INDIA,SHARJAH,KOCHI,176,161
AIR INDIA,SHARJAH,KOZHIKODE,60706,55563
AIR INDIA,SHARJAH,MUMBAI,111,0
AIR INDIA,SHARJAH,TRIVANDRUM,42227,35940
AIR INDIA,SHARJAH,VISAKHAPATNAM,83,67
AIR INDIA,SINGAPORE,BENGALURU,19,0
AIR INDIA,SINGAPORE,CHENNAI,54355,59731
AIR INDIA,SINGAPORE,DELHI,63248,69367
AIR INDIA,SINGAPORE,MUMBAI,57215,63806
AIR INDIA,SYDNEY,DELHI,37869,43747
AIR INDIA,VIENNA,DELHI,28912,29106
AIR INDIA EXPRESS,ABUDHABI,DELHI,31767,36057
AIR INDIA EXPRESS,ABUDHABI,KOCHI,55759,61056
AIR INDIA EXPRESS,ABUDHABI,KOZHIKODE,53765,58902
AIR INDIA EXPRESS,ABUDHABI,MANGALORE,29151,32367
AIR INDIA EXPRESS,ABUDHABI,TRIVANDRUM,53089,55935
AIR INDIA EXPRESS,AL AIN,KOZHIKODE,14223,18654
AIR INDIA EXPRESS,AL AIN,TRIVANDRUM,9,20
AIR INDIA EXPRESS,BAHRAIN,KOCHI,9529,17006
AIR INDIA EXPRESS,BAHRAIN,KOZHIKODE,32516,35257
AIR INDIA EXPRESS,BAHRAIN,MANGALORE,8065,12681
AIR INDIA EXPRESS,BAHRAIN,TRIVANDRUM,606,961
AIR INDIA EXPRESS,DAMMAM,KOCHI,9282,8902
AIR INDIA EXPRESS,DAMMAM,KOZHIKODE,25802,27024
AIR INDIA EXPRESS,DAMMAM,MANGALORE,22491,22736
AIR INDIA EXPRESS,DHAKA,DELHI,2819,2339
AIR INDIA EXPRESS,DHAKA,KOLKATA,3270,7563
AIR INDIA EXPRESS,DOHA,KOCHI,11697,15793
AIR INDIA EXPRESS,DOHA,KOLKATA,3619,0
AIR INDIA EXPRESS,DOHA,KOZHIKODE,32794,40525
AIR INDIA EXPRESS,DOHA,MANGALORE,14458,19139
AIR INDIA EXPRESS,DOHA,MUMBAI,20507,26918
AIR INDIA EXPRESS,DOHA,TRIVANDRUM,288,365
AIR INDIA EXPRESS,DUBAI,AMRITSAR,50287,49770
AIR INDIA EXPRESS,DUBAI,DELHI,32887,41710
AIR INDIA EXPRESS,DUBAI,JAIPUR,24613,27100
AIR INDIA EXPRESS,DUBAI,KOCHI,50040,55526
AIR INDIA EXPRESS,DUBAI,KOZHIKODE,96753,107784
AIR INDIA EXPRESS,DUBAI,LUCKNOW,53954,52272
AIR INDIA EXPRESS,DUBAI,MANGALORE,106817,116809
AIR INDIA EXPRESS,DUBAI,MUMBAI,45802,52835
AIR INDIA EXPRESS,DUBAI,PUNE,14348,18870
AIR INDIA EXPRESS,DUBAI,TIRUCHIRAPALLY,50158,51017
AIR INDIA EXPRESS,DUBAI,TRIVANDRUM,46799,49268
AIR INDIA EXPRESS,KUALALUMPUR,CHENNAI,20857,19841
AIR INDIA EXPRESS,KUALALUMPUR,TIRUCHIRAPALLY,6894,5890
AIR INDIA EXPRESS,KUWAIT,KOCHI,3492,3451
AIR INDIA EXPRESS,KUWAIT,KOZHIKODE,29378,27852
AIR INDIA EXPRESS,KUWAIT,MANGALORE,11621,11547
AIR INDIA EXPRESS,KUWAIT,TRIVANDRUM,21,15
AIR INDIA EXPRESS,MUSCAT,KOCHI,43065,39950
AIR INDIA EXPRESS,MUSCAT,KOZHIKODE,55592,54012
AIR INDIA EXPRESS,MUSCAT,MANGALORE,19718,20359
AIR INDIA EXPRESS,MUSCAT,TRIVANDRUM,37169,35026
AIR INDIA EXPRESS,RASALKHAMA,KOZHIKODE,13375,14467
AIR INDIA EXPRESS,RASALKHAMA,TRIVANDRUM,7,8
AIR INDIA EXPRESS,RIYADH,KOZHIKODE,11288,11076
AIR INDIA EXPRESS,RIYADH,TRIVANDRUM,1,2
AIR INDIA EXPRESS,SALALAH,KOCHI,4870,5244
AIR INDIA EXPRESS,SALALAH,KOZHIKODE,7162,8390
AIR INDIA EXPRESS,SALALAH,TRIVANDRUM,2107,3269
AIR INDIA EXPRESS,SHARJAH,AMRITSAR,138,6
AIR INDIA EXPRESS,SHARJAH,CHANDIGARH,12422,12490
AIR INDIA EXPRESS,SHARJAH,DELHI,0,75
AIR INDIA EXPRESS,SHARJAH,KOCHI,53985,57930
AIR INDIA EXPRESS,SHARJAH,KOZHIKODE,55638,62098
AIR INDIA EXPRESS,SHARJAH,LUCKNOW,87,148
AIR INDIA EXPRESS,SHARJAH,MANGALORE,463,171
AIR INDIA EXPRESS,SHARJAH,MUMBAI,36683,48137
AIR INDIA EXPRESS,SHARJAH,PUNE,82,88
AIR INDIA EXPRESS,SHARJAH,TIRUCHIRAPALLY,24116,22377
AIR INDIA EXPRESS,SHARJAH,TRIVANDRUM,22634,22833
AIR INDIA EXPRESS,SHARJAH,VARANASI,34356,34350
AIR INDIA EXPRESS,SINGAPORE,CHENNAI,17089,20658
AIR INDIA EXPRESS,SINGAPORE,KOLKATA,3920,4803
AIR INDIA EXPRESS,SINGAPORE,TIRUCHIRAPALLY,51348,47475
AIR MANAS,BISHKEK,DELHI,11883,14317
AIR MAURITIUS,MARUITIUS,BENGALURU,9617,7985
AIR MAURITIUS,MARUITIUS,CHENNAI,7394,8621
AIR MAURITIUS,MARUITIUS,DELHI,27069,28329
AIR MAURITIUS,MARUITIUS,MUMBAI,53793,56430
AIR SEYCHELLES,SEYCHELLES,MUMBAI,28477,29120
ALL NIPPON AIRWAYS,NARITA,DELHI,49579,56762
ALL NIPPON AIRWAYS,NARITA,MUMBAI,35229,36852
ARIANA AFGHAN,KABUL,DELHI,13522,12960
ARIANA AFGHAN,KANDAHAR,DELHI,4745,4152
ASIANA AIRLINES,SEOUL,DELHI,51625,50177
AUSTRIAN AIRLINES,VIENNA,DELHI,208,670
BANGKOK AIRWAYS,BANGKOK,MUMBAI,42649,44710
BHUTAN AIRLINES,BANGKOK,KOLKATA,10096,10051
BHUTAN AIRLINES,PARO,KOLKATA,10683,10467
BIMAN BANGLADESH,CHITTAGONG,KOLKATA,5228,4955
BIMAN BANGLADESH,DHAKA,KOLKATA,51120,58043
BRITISH AIRWAYS,LONDON,BENGALURU,79069,83159
BRITISH AIRWAYS,LONDON,CHENNAI,62723,65112
BRITISH AIRWAYS,LONDON,DELHI,128137,140492
BRITISH AIRWAYS,LONDON,HYDERABAD,64379,68579
BRITISH AIRWAYS,LONDON,MUMBAI,148141,163394
BRUSSELS AIRLINES,BRUSELLS,MUMBAI,465,237
BUDDHA AIR,KATHMANDU,VARANASI,652,626
CARGOLUX AIRLINES INTERNATIONAL S.A.,LUXEMBOURG,CHENNAI,0,0
CARGOLUX AIRLINES INTERNATIONAL S.A.,LUXEMBOURG,MUMBAI,0,0
CARGOLUX AIRLINES INTERNATIONAL S.A.,TAIPAE,MUMBAI,0,0
CATHAY PACIFIC,AMSTERDAM,DELHI,0,0
CATHAY PACIFIC,AMSTERDAM,MUMBAI,0,0
CATHAY PACIFIC,FRANKFURT,DELHI,0,0
CATHAY PACIFIC,FRANKFURT,MUMBAI,0,0
CATHAY PACIFIC,HONG KONG,BENGALURU,0,0
CATHAY PACIFIC,HONG KONG,CHENNAI,67816,65636
CATHAY PACIFIC,HONG KONG,DELHI,161502,163641
CATHAY PACIFIC,HONG KONG,HYDERABAD,34834,36442
CATHAY PACIFIC,HONG KONG,KOLKATA,0,0
CATHAY PACIFIC,HONG KONG,MUMBAI,107181,115392
CATHAY PACIFIC,LONDON,DELHI,0,0
CATHAY PACIFIC,LONDON,MUMBAI,0,0
CATHAY PACIFIC,MALPENSA,MUMBAI,0,0
CATHAY PACIFIC,PARIS,DELHI,0,0
CATHAY PACIFIC,PARIS,MUMBAI,0,0
CHINA AIRLINES LTD,LUXEMBOURG,DELHI,0,0
CHINA AIRLINES LTD,ROME,DELHI,4420,15371
CHINA AIRLINES LTD,TAIPAE,DELHI,20828,34623
CHINA EASTERN AIRLINES,KUNMING,KOLKATA,37159,39027
CHINA EASTERN AIRLINES,PEKING,DELHI,72596,74133
CHINA SOUTHERN,GUANGZHOU,DELHI,105575,107338
DRAGON AIR,HONG KONG,BENGALURU,74706,74332
DRAGON AIR,HONG KONG,KOLKATA,29758,31790
DRUK AIR,BANGKOK,KOLKATA,3293,1707
DRUK AIR,KATHMANDU,DELHI,1662,752
DRUK AIR,PARO,DELHI,23923,24968
DRUK AIR,PARO,KOLKATA,13966,14221
DRUK AIR,SINGAPORE,KOLKATA,4871,4577
EGYPT AIR,CAIRO,MUMBAI,15697,17283
EL-AL-ISRAEL,TELAVIV,MUMBAI,24956,25847
EMIRATES AIRLINE,DUBAI,AHMEDABAD,120718,125103
EMIRATES AIRLINE,DUBAI,BENGALURU,331320,337079
EMIRATES AIRLINE,DUBAI,CHENNAI,336395,352399
EMIRATES AIRLINE,DUBAI,DELHI,470704,463410
EMIRATES AIRLINE,DUBAI,HYDERABAD,335377,340400
EMIRATES AIRLINE,DUBAI,KOCHI,214021,218608
EMIRATES AIRLINE,DUBAI,KOLKATA,164061,152107
EMIRATES AIRLINE,DUBAI,MUMBAI,564822,595677
EMIRATES AIRLINE,DUBAI,TRIVANDRUM,146926,147610
ETHIOPIAN AIRLINES,ADDIS ABABA,DELHI,54833,56924
ETHIOPIAN AIRLINES,ADDIS ABABA,MUMBAI,88912,89013
ETHIOPIAN AIRLINES,GUANGZHOU,MUMBAI,0,0
ETIHAD AIRLINES,ABUDHABI,AHMEDABAD,52169,53860
ETIHAD AIRLINES,ABUDHABI,BENGALURU,88641,92005
ETIHAD AIRLINES,ABUDHABI,CHENNAI,144342,145293
ETIHAD AIRLINES,ABUDHABI,DELHI,218286,206245
ETIHAD AIRLINES,ABUDHABI,HYDERABAD,150198,137773
ETIHAD AIRLINES,ABUDHABI,JAIPUR,28428,34492
ETIHAD AIRLINES,ABUDHABI,KOCHI,170419,169249
ETIHAD AIRLINES,ABUDHABI,KOLKATA,39612,41140
ETIHAD AIRLINES,ABUDHABI,KOZHIKODE,129621,135084
ETIHAD AIRLINES,ABUDHABI,MUMBAI,246559,306682
ETIHAD AIRLINES,ABUDHABI,TRIVANDRUM,79031,84293
FEDERAL EXPRESS,DUBAI,BENGALURU,0,0
FEDERAL EXPRESS,DUBAI,DELHI,0,0
FEDERAL EXPRESS,DUBAI,MUMBAI,0,0
FEDERAL EXPRESS,GUANGZHOU,DELHI,0,0
FEDERAL EXPRESS,GUANGZHOU,MUMBAI,0,0
FEDERAL EXPRESS,PARIS,DELHI,0,0
FEDERAL EXPRESS,PARIS,MUMBAI,0,0
FEDERAL EXPRESS,SEOUL,DELHI,0,0
FEDERAL EXPRESS,SINGAPORE,DELHI,0,0
FINN AIR,HELNSKI,DELHI,41853,44444
FLY DUBAI,DUBAI,AHMEDABAD,17412,18646
FLY DUBAI,DUBAI,CHENNAI,23788,24428
FLY DUBAI,DUBAI,DELHI,40345,39822
FLY DUBAI,DUBAI,HYDERABAD,39037,36175
FLY DUBAI,DUBAI,KOCHI,31610,33398
FLY DUBAI,DUBAI,LUCKNOW,25964,26743
FLY DUBAI,DUBAI,MUMBAI,40083,42414
FLY DUBAI,DUBAI,TRIVANDRUM,23901,25235
GARUDA INDONESIA,TANGERANG,MUMBAI,4859,5685
GULF AIR,BAHRAIN,CHENNAI,68803,67231
GULF AIR,BAHRAIN,DELHI,110469,101341
GULF AIR,BAHRAIN,HYDERABAD,51300,52016
GULF AIR,BAHRAIN,KOCHI,52760,50006
GULF AIR,BAHRAIN,MUMBAI,92215,96248
GULF AIR,BAHRAIN,TRIVANDRUM,53090,49741
INDIGO,BANGKOK,KOLKATA,110664,99317
INDIGO,DUBAI,BENGALURU,45214,47440
INDIGO,DUBAI,CHANDIGARH,28808,28130
INDIGO,DUBAI,CHENNAI,53272,53754
INDIGO,DUBAI,DELHI,156114,168729
INDIGO,DUBAI,HYDERABAD,52183,55580
INDIGO,DUBAI,KOCHI,82698,83677
INDIGO,DUBAI,KOZHIKODE,53546,56438
INDIGO,DUBAI,MUMBAI,105636,114605
INDIGO,DUBAI,TRIVANDRUM,54599,55112
INDIGO,KATHMANDU,DELHI,57499,59321
INDIGO,MUSCAT,CHENNAI,10038,10876
INDIGO,MUSCAT,KOCHI,36163,36599
INDIGO,MUSCAT,KOZHIKODE,1012,1559
INDIGO,MUSCAT,MUMBAI,37201,49964
INDIGO,SHARJAH,KOZHIKODE,1770,2006
INDIGO,SINGAPORE,CHENNAI,59620,62720
IRAN AIR,TEHRAN,MUMBAI,8205,8642
IRAN AIR,TEHRAN,MUMBAI,5820,5082
IRAQI AIRWAYS,BASRA,DELHI,5158,5584
ISLAND AVIATION SERVICES,DHAKA,CHENNAI,9563,8280
ISLAND AVIATION SERVICES,HAA DHAALU ATOLL,TRIVANDRUM,2529,2598
ISLAND AVIATION SERVICES,MALE,CHENNAI,6360,8172
ISLAND AVIATION SERVICES,MALE,TRIVANDRUM,32787,34414
JAPAN AIRLINES,TOKYO,DELHI,44324,49855
JET AIRWAYS,ABUDHABI,AHMEDABAD,38133,36744
JET AIRWAYS,ABUDHABI,BENGALURU,48625,43649
JET AIRWAYS,ABUDHABI,CHENNAI,39495,37711
JET AIRWAYS,ABUDHABI,DELHI,65979,62606
JET AIRWAYS,ABUDHABI,GOA,7265,5805
JET AIRWAYS,ABUDHABI,HYDERABAD,45401,46333
JET AIRWAYS,ABUDHABI,KOCHI,46867,50402
JET AIRWAYS,ABUDHABI,LUCKNOW,48259,46954
JET AIRWAYS,ABUDHABI,MANGALORE,43773,41655
JET AIRWAYS,ABUDHABI,MUMBAI,102261,100356
JET AIRWAYS,ABUDHABI,PUNE,41103,43157
JET AIRWAYS,AL AIN,KOZHIKODE,0,146
JET AIRWAYS,AMSTERDAM,DELHI,46447,51159
JET AIRWAYS,AMSTERDAM,MUMBAI,96669,101889
JET AIRWAYS,ANTALYA,DELHI,279,218
JET AIRWAYS,ANTALYA,MUMBAI,0,0
JET AIRWAYS,BAHRAIN,MUMBAI,43913,45589
JET AIRWAYS,BANGKOK,DELHI,105510,107513
JET AIRWAYS,BANGKOK,MUMBAI,163201,159257
JET AIRWAYS,COLOMBO,BENGALURU,7194,7163
JET AIRWAYS,COLOMBO,MUMBAI,99433,103746
JET AIRWAYS,DAMMAM,DELHI,83214,75480
JET AIRWAYS,DAMMAM,HYDERABAD,19757,20443
JET AIRWAYS,DAMMAM,KOCHI,40862,43937
JET AIRWAYS,DAMMAM,KOZHIKODE,43853,44899
JET AIRWAYS,DAMMAM,MUMBAI,72585,79328
JET AIRWAYS,DAMMAM,TRIVANDRUM,47695,52165
JET AIRWAYS,DHAKA,DELHI,44361,44669
JET AIRWAYS,DHAKA,KOLKATA,50216,52415
JET AIRWAYS,DHAKA,MUMBAI,49224,43659
JET AIRWAYS,DOHA,DELHI,90038,87470
JET AIRWAYS,DOHA,KOCHI,46142,53872
JET AIRWAYS,DOHA,KOZHIKODE,44833,50750
JET AIRWAYS,DOHA,MUMBAI,80271,81391
JET AIRWAYS,DOHA,TRIVANDRUM,22677,25306
JET AIRWAYS,DUBAI,DELHI,147677,151219
JET AIRWAYS,DUBAI,KOCHI,43043,49701
JET AIRWAYS,DUBAI,MANGALORE,49189,48617
JET AIRWAYS,DUBAI,MUMBAI,277672,282077
JET AIRWAYS,DUBAI,TRIVANDRUM,13986,12975
JET AIRWAYS,HONG KONG,DELHI,77407,76423
JET AIRWAYS,HONG KONG,MUMBAI,91232,92565
JET AIRWAYS,JEDDAH,MUMBAI,63701,55952
JET AIRWAYS,KATHMANDU,DELHI,133987,129667
JET AIRWAYS,KATHMANDU,MUMBAI,72275,66413
JET AIRWAYS,KUWAIT,MUMBAI,100823,106206
JET AIRWAYS,LONDON,DELHI,113096,108514
JET AIRWAYS,LONDON,MUMBAI,217738,225913
JET AIRWAYS,MALE,JAIPUR,0,101
JET AIRWAYS,MUSCAT,DELHI,44930,40634
JET AIRWAYS,MUSCAT,KOCHI,42378,46377
JET AIRWAYS,MUSCAT,KOZHIKODE,0,164
JET AIRWAYS,MUSCAT,MUMBAI,46525,49805
JET AIRWAYS,MUSCAT,TRIVANDRUM,46593,45928
JET AIRWAYS,PARIS,MUMBAI,80519,77686
JET AIRWAYS,RIYADH,MUMBAI,58382,58403
JET AIRWAYS,SHARJAH,DELHI,895,650
JET AIRWAYS,SHARJAH,KOCHI,45612,49410
JET AIRWAYS,SHARJAH,KOZHIKODE,8679,11474
JET AIRWAYS,SHARJAH,MANGALORE,11251,14704
JET AIRWAYS,SINGAPORE,BENGALURU,12067,12450
JET AIRWAYS,SINGAPORE,CHENNAI,45761,51445
JET AIRWAYS,SINGAPORE,DELHI,78072,78493
JET AIRWAYS,SINGAPORE,MUMBAI,145369,149553
JET AIRWAYS,TORONTO,DELHI,48168,51121
KALITTA AIR,HONG KONG,DELHI,0,0
KALITTA AIR,LEIPZIG,DELHI,0,0
KAM AIR,KABUL,DELHI,45023,43153
KENYA AIRWAYS,NAIROBI,MUMBAI,70733,74497
KLM AIRLINES,AMSTERDAM,DELHI,107028,112877
KOREAN AIR,SEOUL,CHENNAI,0,0
KOREAN AIR,SEOUL,DELHI,10755,10125
KOREAN AIR,SEOUL,MUMBAI,26480,27823
KUWAIT AIRWAYS,KUWAIT,AHMEDABAD,25840,24559
KUWAIT AIRWAYS,KUWAIT,BENGALURU,21612,22793
KUWAIT AIRWAYS,KUWAIT,CHENNAI,35219,35295
KUWAIT AIRWAYS,KUWAIT,DELHI,81923,80274
KUWAIT AIRWAYS,KUWAIT,KOCHI,70542,71793
KUWAIT AIRWAYS,KUWAIT,MUMBAI,70154,80138
KUWAIT AIRWAYS,KUWAIT,TRIVANDRUM,31665,31420
LUFTHANSA,FRANKFURT,BENGALURU,105839,109143
LUFTHANSA,FRANKFURT,CHENNAI,77191,83524
LUFTHANSA,FRANKFURT,DELHI,141980,156246
LUFTHANSA,FRANKFURT,HYDERABAD,0,0
LUFTHANSA,FRANKFURT,KOLKATA,0,0
LUFTHANSA,FRANKFURT,MUMBAI,100226,109494
LUFTHANSA,FRANKFURT,PUNE,12705,11800
LUFTHANSA,HONG KONG,MUMBAI,0,0
LUFTHANSA,MUENCHEN,DELHI,71369,76680
LUFTHANSA,MUENCHEN,MUMBAI,66773,70844
LUFTHANSA,SHARJAH,HYDERABAD,0,0
LUFTHANSA,SHARJAH,MUMBAI,0,0
MAHAN AIR,MASHHAD,DELHI,2355,1963
MAHAN AIR,TEHRAN,DELHI,20648,21100
MALAYSIA AIRLINES,KUALALUMPUR,BENGALURU,71330,69799
MALAYSIA AIRLINES,KUALALUMPUR,CHENNAI,81677,87341
MALAYSIA AIRLINES,KUALALUMPUR,DELHI,79935,82681
MALAYSIA AIRLINES,KUALALUMPUR,HYDERABAD,41168,40896
MALAYSIA AIRLINES,KUALALUMPUR,MUMBAI,89835,84837
MALINDO AIRWAYS,KUALALUMPUR,AMRITSAR,30374,34651
MALINDO AIRWAYS,KUALALUMPUR,DELHI,69921,74459
MALINDO AIRWAYS,KUALALUMPUR,KOCHI,51755,58934
MALINDO AIRWAYS,KUALALUMPUR,MUMBAI,47789,49602
MALINDO AIRWAYS,KUALALUMPUR,TIRUCHIRAPALLY,103595,93054
MALINDO AIRWAYS,KUALALUMPUR,TRIVANDRUM,20782,20180
MALINDO AIRWAYS,KUALALUMPUR,VISAKHAPATNAM,0,0
MEGA MALDIVES AIRLINES,MALE,DELHI,3945,4924
MEGA MALDIVES AIRLINES,MALE,MUMBAI,0,0
MIHIN LANKA,COLOMBO,CHENNAI,36667,37148
MIHIN LANKA,COLOMBO,GAYA,1093,996
MIHIN LANKA,COLOMBO,KOLKATA,9243,13605
MIHIN LANKA,COLOMBO,MADURAI,37069,37609
MIHIN LANKA,COLOMBO,VARANASI,859,1149
MYANMAR AIRLINES,RANGOON,GAYA,14438,14270
MYANMAR AIRLINES,RANGOON,VARANASI,2365,2146
NEPAL AIRLINES CORPORATION,KATHMANDU,DELHI,79719,76890
NOVO AIR,CHITTAGONG,KOLKATA,1350,1079
NOVO AIR,DHAKA,KOLKATA,4746,4859
OMAN AIR,MUSCAT,BENGALURU,83718,81564
OMAN AIR,MUSCAT,CHENNAI,89369,101766
OMAN AIR,MUSCAT,DELHI,102357,104397
OMAN AIR,MUSCAT,GOA,35332,43287
OMAN AIR,MUSCAT,HYDERABAD,108457,101816
OMAN AIR,MUSCAT,JAIPUR,41597,45715
OMAN AIR,MUSCAT,KOCHI,96486,94174
OMAN AIR,MUSCAT,KOZHIKODE,60257,59205
OMAN AIR,MUSCAT,LUCKNOW,78668,79009
OMAN AIR,MUSCAT,MUMBAI,105125,112933
OMAN AIR,MUSCAT,TRIVANDRUM,47338,49166
OMAN AIR,SALALAH,KOZHIKODE,440,287
PAK INTERNATIONAL,KARACHI,DELHI,1783,3063
PAK INTERNATIONAL,KARACHI,MUMBAI,4987,7592
PAK INTERNATIONAL,LAHORE,DELHI,2324,4798
QATAR AIRWAYS,DHAKA,KOLKATA,0,0
QATAR AIRWAYS,DOHA,AHMEDABAD,54259,55164
QATAR AIRWAYS,DOHA,AMRITSAR,53156,55009
QATAR AIRWAYS,DOHA,BENGALURU,96719,98095
QATAR AIRWAYS,DOHA,CHENNAI,95717,93176
QATAR AIRWAYS,DOHA,DELHI,170246,162071
QATAR AIRWAYS,DOHA,GOA,53282,57263
QATAR AIRWAYS,DOHA,HYDERABAD,60002,58872
QATAR AIRWAYS,DOHA,KOCHI,153379,147034
QATAR AIRWAYS,DOHA,KOLKATA,69864,68797
QATAR AIRWAYS,DOHA,KOZHIKODE,60675,60602
QATAR AIRWAYS,DOHA,MUMBAI,106873,104756
QATAR AIRWAYS,DOHA,NAGPUR,25962,31838
QATAR AIRWAYS,DOHA,TRIVANDRUM,62316,58870
REGENT AIRWAYS,CHITTAGONG,KOLKATA,44944,47328
REGENT AIRWAYS,DHAKA,KOLKATA,50908,56470
ROSSIYA AIRLINES,BAKU,GOA,8414,8600
ROSSIYA AIRLINES,MOSCOW,GOA,41407,37417
ROSSIYA AIRLINES,MOSCOW,HYDERABAD,183,0
SAFI AIRWAYS,KABUL,DELHI,29585,27767
SAUDIA,DAMMAM,BENGALURU,2613,2198
SAUDIA,DAMMAM,CHENNAI,7346,6473
SAUDIA,DAMMAM,DELHI,0,0
SAUDIA,DAMMAM,HYDERABAD,8142,7085
SAUDIA,DAMMAM,KOCHI,5525,4762
SAUDIA,DAMMAM,MUMBAI,0,0
SAUDIA,JEDDAH,BENGALURU,23675,25181
SAUDIA,JEDDAH,CHENNAI,24499,28006
SAUDIA,JEDDAH,DELHI,76975,82353
SAUDIA,JEDDAH,HYDERABAD,51451,53564
SAUDIA,JEDDAH,KOCHI,113024,111745
SAUDIA,JEDDAH,LUCKNOW,51293,52405
SAUDIA,JEDDAH,MUMBAI,69012,96175
SAUDIA,MEDINA,DELHI,13240,8286
SAUDIA,MEDINA,HYDERABAD,885,0
SAUDIA,MEDINA,KOCHI,0,0
SAUDIA,MEDINA,MUMBAI,15988,8034
SAUDIA,RIYADH,BENGALURU,9012,8404
SAUDIA,RIYADH,CHENNAI,32674,28581
SAUDIA,RIYADH,DELHI,50799,55676
SAUDIA,RIYADH,HYDERABAD,43062,40506
SAUDIA,RIYADH,KOCHI,65900,62686
SAUDIA,RIYADH,LUCKNOW,40667,40514
SAUDIA,RIYADH,MUMBAI,33874,41572
SCAT AIRLINES,ALMATY,GOA,5306,5075
SCOOT PTE LTD.,SINGAPORE,AMRITSAR,38398,35559
SCOOT PTE LTD.,SINGAPORE,CHENNAI,88262,78396
SHANDONG AIRLINES,KUNMING,DELHI,14632,14968
SILK AIR,SINGAPORE,BENGALURU,27038,29005
SILK AIR,SINGAPORE,CHENNAI,13058,16099
SILK AIR,SINGAPORE,COIMBATORE,26762,29019
SILK AIR,SINGAPORE,HYDERABAD,55119,57719
SILK AIR,SINGAPORE,KOCHI,59025,63413
SILK AIR,SINGAPORE,KOLKATA,21034,22362
SILK AIR,SINGAPORE,TRIVANDRUM,22411,25984
SILK AIR,SINGAPORE,VISAKHAPATNAM,11472,14069
SINGAPORE AIRLINES,SINGAPORE,AHMEDABAD,32382,34253
SINGAPORE AIRLINES,SINGAPORE,BENGALURU,71479,69291
SINGAPORE AIRLINES,SINGAPORE,CHENNAI,68609,75088
SINGAPORE AIRLINES,SINGAPORE,DELHI,174243,179308
SINGAPORE AIRLINES,SINGAPORE,KOLKATA,27580,28652
SINGAPORE AIRLINES,SINGAPORE,MUMBAI,168603,172390
SPICEJET,BANGKOK,CHENNAI,46345,47749
SPICEJET,BANGKOK,KOLKATA,67446,68909
SPICEJET,COLOMBO,CHENNAI,25446,25295
SPICEJET,COLOMBO,MADURAI,25406,26056
SPICEJET,DHAKA,KOLKATA,669,686
SPICEJET,DUBAI,AHMEDABAD,60710,60291
SPICEJET,DUBAI,AMRITSAR,62803,61899
SPICEJET,DUBAI,DELHI,63123,62429
SPICEJET,DUBAI,HYDERABAD,31080,34708
SPICEJET,DUBAI,JAIPUR,41614,43328
SPICEJET,DUBAI,KOCHI,61361,60567
SPICEJET,DUBAI,KOZHIKODE,61671,60440
SPICEJET,DUBAI,MADURAI,58922,61620
SPICEJET,DUBAI,MANGALORE,23824,23263
SPICEJET,DUBAI,MUMBAI,55972,62200
SPICEJET,DUBAI,PUNE,55208,60541
SPICEJET,KABUL,DELHI,24950,25073
SPICEJET,MALE,KOCHI,25604,25620
SPICEJET,MUSCAT,AHMEDABAD,33442,42391
SRILNKAN AIRWAYS,COLOMBO,BENGALURU,72014,67636
SRILNKAN AIRWAYS,COLOMBO,CHENNAI,265359,274690
SRILNKAN AIRWAYS,COLOMBO,DELHI,53589,53776
SRILNKAN AIRWAYS,COLOMBO,KOCHI,85707,86709
SRILNKAN AIRWAYS,COLOMBO,KOLKATA,6846,7303
SRILNKAN AIRWAYS,COLOMBO,MADURAI,19520,21907
SRILNKAN AIRWAYS,COLOMBO,MUMBAI,51435,51043
SRILNKAN AIRWAYS,COLOMBO,TIRUCHIRAPALLY,86326,92380
SRILNKAN AIRWAYS,COLOMBO,TRIVANDRUM,50851,42029
SRILNKAN AIRWAYS,COLOMBO,VARANASI,1227,1340
SWISS AIR,ZURICH,DELHI,67796,76759
SWISS AIR,ZURICH,MUMBAI,65349,76517
TAJIK AIR,DUSHANBE,DELHI,4253,4312
THAI AIR ASIA,DON MUEANG,BENGALURU,39755,38143
THAI AIR ASIA,DON MUEANG,CHENNAI,37785,37392
THAI AIR ASIA,DON MUEANG,KOCHI,40497,42362
THAI AIR ASIA,DON MUEANG,KOLKATA,11005,11166
THAI AIRWAYS,BANGKOK,BENGALURU,89072,92973
THAI AIRWAYS,BANGKOK,CHENNAI,69797,74736
THAI AIRWAYS,BANGKOK,DELHI,230934,248655
THAI AIRWAYS,BANGKOK,HYDERABAD,57080,60912
THAI AIRWAYS,BANGKOK,KOLKATA,81171,84344
THAI AIRWAYS,BANGKOK,MUMBAI,112560,119701
THAI SMILE AIRWAYS,BANGKOK,GAYA,14523,5449
THAI SMILE AIRWAYS,BANGKOK,JAIPUR,5847,6115
THAI SMILE AIRWAYS,BANGKOK,LUCKNOW,3756,3440
THAI SMILE AIRWAYS,BANGKOK,VARANASI,3375,12164
THAI SMILE AIRWAYS,DON MUEANG,GAYA,304,413
TIGER AIRWAYS,SINGAPORE,BENGALURU,53582,54044
TIGER AIRWAYS,SINGAPORE,CHENNAI,12963,13571
TIGER AIRWAYS,SINGAPORE,HYDERABAD,46632,41223
TIGER AIRWAYS,SINGAPORE,KOCHI,24527,23505
TIGER AIRWAYS,SINGAPORE,LUCKNOW,18710,17896
TIGER AIRWAYS,SINGAPORE,TIRUCHIRAPALLY,117902,112980
TURKISH AIRLINES,ISTANBUL,DELHI,117620,120608
TURKISH AIRLINES,ISTANBUL,MUMBAI,112268,117167
TURKMENISTAN AIRLINES,ASHGABAT,AMRITSAR,25375,25042
TURKMENISTAN AIRLINES,ASHGABAT,DELHI,13757,14005
UNITED AIRLINES,NEWARK,DELHI,76042,79212
UNITED AIRLINES,NEWARK,MUMBAI,81676,85617
UNITED AIRLINES BANGLADESH LTD.,CHITTAGONG,KOLKATA,0,0
UNITED AIRLINES BANGLADESH LTD.,DHAKA,KOLKATA,0,0
UNITED PARCEL SERVICES,BANGKOK,MUMBAI,0,0
UNITED PARCEL SERVICES,COLOGNE,MUMBAI,0,0
UNITED PARCEL SERVICES,DUBAI,MUMBAI,0,0
UNITED PARCEL SERVICES,TAIPAE,MUMBAI,0,0
US BANGLA AIRLINES,DHAKA,KOLKATA,8882,8808
UZBEKISTAN AIRWAYS,NAVOI,DELHI,0,0
UZBEKISTAN AIRWAYS,NAVOI,MUMBAI,0,0
UZBEKISTAN AIRWAYS,TASHKENT,AMRITSAR,11556,11085
UZBEKISTAN AIRWAYS,TASHKENT,DELHI,40411,41343
VIRGIN ATLANTIC AIRLINES,LONDON,DELHI,76879,79875
YEMENIA AIRWAYS,ADEN,MUMBAI,3022,3394
YEMENIA AIRWAYS,SANAA,MUMBAI,777,762
AIR INDIA,HONG KONG,SEOUL,24148,26002
AIR INDIA,HONG KONG,OSAKA,10157,12507
JET AIRWAYS,AMSTERDAM,TORONTO,48224,45606
AIR INDIA,NEWARK,LONDON,10415,12892
AIR INDIA EXPRESS,BAHRAIN,DOHA,0,0
AIR INDIA EXPRESS,BAHRAIN,KUWAIT,26,0
AIR INDIA EXPRESS,DHAKA,SINGAPORE,3398,1653
AIR INDIA EXPRESS,DHAKA,DUBAI,64,0
