YEAR,QUARTER,CITY,AIRLINE,PREDICTED_TRAFFIC
2015,Q1,AHMEDABAD,AIR INDIA,38754
2015,Q1,AHMEDABAD,AIR INDIA EXPRESS,14384
2015,Q1,AHMEDABAD,INDIGO,9943
2015,Q1,AHMEDABAD,JET AIRWAYS,48125
2015,Q1,AHMEDABAD,SPICEJET,6303
2015,Q1,AMRITSAR,AIR INDIA,16135
2015,Q1,AMRITSAR,AIR INDIA EXPRESS,5988
2015,Q1,AMRITSAR,INDIGO,4139
2015,Q1,AMRITSAR,JET AIRWAYS,20037
2015,Q1,AMRITSAR,SPICEJET,2624
2015,Q1,BENGALURU,AIR INDIA,104390
2015,Q1,BENGALURU,AIR INDIA EXPRESS,38746
2015,Q1,BENGALURU,INDIGO,26782
2015,Q1,BENGALURU,JET AIRWAYS,129631
2015,Q1,BENGALURU,SPICEJET,16980
2015,Q1,CHENNAI,AIR INDIA,167149
2015,Q1,CHENNAI,AIR INDIA EXPRESS,62040
2015,Q1,CHENNAI,INDIGO,42884
2015,Q1,CHENNAI,JET AIRWAYS,207565
2015,Q1,CHENNAI,SPICEJET,27188
2015,Q1,COIMBATORE,AIR INDIA,4600
2015,Q1,COIMBATORE,AIR INDIA EXPRESS,1707
2015,Q1,COIMBATORE,INDIGO,1180
2015,Q1,COIMBATORE,JET AIRWAYS,5712
2015,Q1,COIMBATORE,SPICEJET,748
2015,Q1,DELHI,AIR INDIA,522861
2015,Q1,DELHI,AIR INDIA EXPRESS,194068
2015,Q1,DELHI,INDIGO,134147
2015,Q1,DELHI,JET AIRWAYS,649286
2015,Q1,DELHI,SPICEJET,85048
2015,Q1,GAYA,AIR INDIA,4891
2015,Q1,GAYA,AIR INDIA EXPRESS,1815
2015,Q1,GAYA,INDIGO,1254
2015,Q1,GAYA,JET AIRWAYS,6074
2015,Q1,GAYA,SPICEJET,795
2015,Q1,GOA,AIR INDIA,16778
2015,Q1,GOA,AIR INDIA EXPRESS,6227
2015,Q1,GOA,INDIGO,4304
2015,Q1,GOA,JET AIRWAYS,20836
2015,Q1,GOA,SPICEJET,2729
2015,Q1,HYDERABAD,AIR INDIA,96595
2015,Q1,HYDERABAD,AIR INDIA EXPRESS,35852
2015,Q1,HYDERABAD,INDIGO,24782
2015,Q1,HYDERABAD,JET AIRWAYS,119951
2015,Q1,HYDERABAD,SPICEJET,15712
2015,Q1,JAIPUR,AIR INDIA,13968
2015,Q1,JAIPUR,AIR INDIA EXPRESS,5184
2015,Q1,JAIPUR,INDIGO,3583
2015,Q1,JAIPUR,JET AIRWAYS,17345
2015,Q1,JAIPUR,SPICEJET,2272
2015,Q1,KOCHI,AIR INDIA,128270
2015,Q1,KOCHI,AIR INDIA EXPRESS,47609
2015,Q1,KOCHI,INDIGO,32909
2015,Q1,KOCHI,JET AIRWAYS,159285
2015,Q1,KOCHI,SPICEJET,20864
2015,Q1,KOLKATA,AIR INDIA,65938
2015,Q1,KOLKATA,AIR INDIA EXPRESS,24474
2015,Q1,KOLKATA,INDIGO,16917
2015,Q1,KOLKATA,JET AIRWAYS,81881
2015,Q1,KOLKATA,SPICEJET,10725
2015,Q1,KOZHIKODE,AIR INDIA,90890
2015,Q1,KOZHIKODE,AIR INDIA EXPRESS,33735
2015,Q1,KOZHIKODE,INDIGO,23319
2015,Q1,KOZHIKODE,JET AIRWAYS,112867
2015,Q1,KOZHIKODE,SPICEJET,14784
2015,Q1,LUCKNOW,AIR INDIA,19424
2015,Q1,LUCKNOW,AIR INDIA EXPRESS,7209
2015,Q1,LUCKNOW,INDIGO,4983
2015,Q1,LUCKNOW,JET AIRWAYS,24120
2015,Q1,LUCKNOW,SPICEJET,3159
2015,Q1,MADURAI,AIR INDIA,8570
2015,Q1,MADURAI,AIR INDIA EXPRESS,3181
2015,Q1,MADURAI,INDIGO,2198
2015,Q1,MADURAI,JET AIRWAYS,10643
2015,Q1,MADURAI,SPICEJET,1394
2015,Q1,MANGALORE,AIR INDIA,17650
2015,Q1,MANGALORE,AIR INDIA EXPRESS,6551
2015,Q1,MANGALORE,INDIGO,4528
2015,Q1,MANGALORE,JET AIRWAYS,21918
2015,Q1,MANGALORE,SPICEJET,2871
2015,Q1,MUMBAI,AIR INDIA,437347
2015,Q1,MUMBAI,AIR INDIA EXPRESS,162328
2015,Q1,MUMBAI,INDIGO,112207
2015,Q1,MUMBAI,JET AIRWAYS,543095
2015,Q1,MUMBAI,SPICEJET,71138
2015,Q1,NAGPUR,AIR INDIA,1996
2015,Q1,NAGPUR,AIR INDIA EXPRESS,741
2015,Q1,NAGPUR,INDIGO,512
2015,Q1,NAGPUR,JET AIRWAYS,2479
2015,Q1,NAGPUR,SPICEJET,324
2015,Q1,PUNE,AIR INDIA,4747
2015,Q1,PUNE,AIR INDIA EXPRESS,1762
2015,Q1,PUNE,INDIGO,1218
2015,Q1,PUNE,JET AIRWAYS,5895
2015,Q1,PUNE,SPICEJET,772
2015,Q1,TIRUCHIRAPALLY,AIR INDIA,40619
2015,Q1,TIRUCHIRAPALLY,AIR INDIA EXPRESS,15076
2015,Q1,TIRUCHIRAPALLY,INDIGO,10421
2015,Q1,TIRUCHIRAPALLY,JET AIRWAYS,50441
2015,Q1,TIRUCHIRAPALLY,SPICEJET,6607
2015,Q1,TRIVANDRUM,AIR INDIA,77478
2015,Q1,TRIVANDRUM,AIR INDIA EXPRESS,28757
2015,Q1,TRIVANDRUM,INDIGO,19878
2015,Q1,TRIVANDRUM,JET AIRWAYS,96211
2015,Q1,TRIVANDRUM,SPICEJET,12602
2015,Q1,VARANASI,AIR INDIA,1648
2015,Q1,VARANASI,AIR INDIA EXPRESS,612
2015,Q1,VARANASI,INDIGO,423
2015,Q1,VARANASI,JET AIRWAYS,2047
2015,Q1,VARANASI,SPICEJET,268
2015,Q1,VISAKHAPATNAM,AIR INDIA,3156
2015,Q1,VISAKHAPATNAM,AIR INDIA EXPRESS,1171
2015,Q1,VISAKHAPATNAM,INDIGO,809
2015,Q1,VISAKHAPATNAM,JET AIRWAYS,3919
2015,Q1,VISAKHAPATNAM,SPICEJET,513
2015,Q2,AHMEDABAD,AIR INDIA,36267
2015,Q2,AHMEDABAD,AIR INDIA EXPRESS,17764
2015,Q2,AHMEDABAD,INDIGO,11556
2015,Q2,AHMEDABAD,JET AIRWAYS,47331
2015,Q2,AHMEDABAD,SPICEJET,7156
2015,Q2,AMRITSAR,AIR INDIA,9534
2015,Q2,AMRITSAR,AIR INDIA EXPRESS,4670
2015,Q2,AMRITSAR,INDIGO,3038
2015,Q2,AMRITSAR,JET AIRWAYS,12443
2015,Q2,AMRITSAR,SPICEJET,1881
2015,Q2,BENGALURU,AIR INDIA,111897
2015,Q2,BENGALURU,AIR INDIA EXPRESS,54808
2015,Q2,BENGALURU,INDIGO,35655
2015,Q2,BENGALURU,JET AIRWAYS,146031
2015,Q2,BENGALURU,SPICEJET,22080
2015,Q2,CHENNAI,AIR INDIA,172825
2015,Q2,CHENNAI,AIR INDIA EXPRESS,84651
2015,Q2,CHENNAI,INDIGO,55069
2015,Q2,CHENNAI,JET AIRWAYS,225545
2015,Q2,CHENNAI,SPICEJET,34103
2015,Q2,COIMBATORE,AIR INDIA,4978
2015,Q2,COIMBATORE,AIR INDIA EXPRESS,2438
2015,Q2,COIMBATORE,INDIGO,1586
2015,Q2,COIMBATORE,JET AIRWAYS,6496
2015,Q2,COIMBATORE,SPICEJET,982
2015,Q2,DELHI,AIR INDIA,421098
2015,Q2,DELHI,AIR INDIA EXPRESS,206258
2015,Q2,DELHI,INDIGO,134179
2015,Q2,DELHI,JET AIRWAYS,549555
2015,Q2,DELHI,SPICEJET,83093
2015,Q2,GAYA,AIR INDIA,528
2015,Q2,GAYA,AIR INDIA EXPRESS,259
2015,Q2,GAYA,INDIGO,168
2015,Q2,GAYA,JET AIRWAYS,690
2015,Q2,GAYA,SPICEJET,104
2015,Q2,GOA,AIR INDIA,10743
2015,Q2,GOA,AIR INDIA EXPRESS,5262
2015,Q2,GOA,INDIGO,3423
2015,Q2,GOA,JET AIRWAYS,14021
2015,Q2,GOA,SPICEJET,2120
2015,Q2,HYDERABAD,AIR INDIA,100918
2015,Q2,HYDERABAD,AIR INDIA EXPRESS,49430
2015,Q2,HYDERABAD,INDIGO,32156
2015,Q2,HYDERABAD,JET AIRWAYS,131703
2015,Q2,HYDERABAD,SPICEJET,19913
2015,Q2,JAIPUR,AIR INDIA,11868
2015,Q2,JAIPUR,AIR INDIA EXPRESS,5813
2015,Q2,JAIPUR,INDIGO,3781
2015,Q2,JAIPUR,JET AIRWAYS,15488
2015,Q2,JAIPUR,SPICEJET,2341
2015,Q2,KOCHI,AIR INDIA,162168
2015,Q2,KOCHI,AIR INDIA EXPRESS,79431
2015,Q2,KOCHI,INDIGO,51673
2015,Q2,KOCHI,JET AIRWAYS,211638
2015,Q2,KOCHI,SPICEJET,32000
2015,Q2,KOLKATA,AIR INDIA,60217
2015,Q2,KOLKATA,AIR INDIA EXPRESS,29495
2015,Q2,KOLKATA,INDIGO,19187
2015,Q2,KOLKATA,JET AIRWAYS,78587
2015,Q2,KOLKATA,SPICEJET,11882
2015,Q2,KOZHIKODE,AIR INDIA,75044
2015,Q2,KOZHIKODE,AIR INDIA EXPRESS,36757
2015,Q2,KOZHIKODE,INDIGO,23912
2015,Q2,KOZHIKODE,JET AIRWAYS,97937
2015,Q2,KOZHIKODE,SPICEJET,14808
2015,Q2,LUCKNOW,AIR INDIA,20452
2015,Q2,LUCKNOW,AIR INDIA EXPRESS,10017
2015,Q2,LUCKNOW,INDIGO,6516
2015,Q2,LUCKNOW,JET AIRWAYS,26691
2015,Q2,LUCKNOW,SPICEJET,4035
2015,Q2,MADURAI,AIR INDIA,9400
2015,Q2,MADURAI,AIR INDIA EXPRESS,4604
2015,Q2,MADURAI,INDIGO,2995
2015,Q2,MADURAI,JET AIRWAYS,12268
2015,Q2,MADURAI,SPICEJET,1855
2015,Q2,MANGALORE,AIR INDIA,25065
2015,Q2,MANGALORE,AIR INDIA EXPRESS,12277
2015,Q2,MANGALORE,INDIGO,7986
2015,Q2,MANGALORE,JET AIRWAYS,32711
2015,Q2,MANGALORE,SPICEJET,4946
2015,Q2,MUMBAI,AIR INDIA,399491
2015,Q2,MUMBAI,AIR INDIA EXPRESS,195674
2015,Q2,MUMBAI,INDIGO,127294
2015,Q2,MUMBAI,JET AIRWAYS,521356
2015,Q2,MUMBAI,SPICEJET,78830
2015,Q2,NAGPUR,AIR INDIA,1954
2015,Q2,NAGPUR,AIR INDIA EXPRESS,957
2015,Q2,NAGPUR,INDIGO,622
2015,Q2,NAGPUR,JET AIRWAYS,2550
2015,Q2,NAGPUR,SPICEJET,385
2015,Q2,PUNE,AIR INDIA,7945
2015,Q2,PUNE,AIR INDIA EXPRESS,3891
2015,Q2,PUNE,INDIGO,2531
2015,Q2,PUNE,JET AIRWAYS,10369
2015,Q2,PUNE,SPICEJET,1567
2015,Q2,TIRUCHIRAPALLY,AIR INDIA,42726
2015,Q2,TIRUCHIRAPALLY,AIR INDIA EXPRESS,20927
2015,Q2,TIRUCHIRAPALLY,INDIGO,13614
2015,Q2,TIRUCHIRAPALLY,JET AIRWAYS,55760
2015,Q2,TIRUCHIRAPALLY,SPICEJET,8431
2015,Q2,TRIVANDRUM,AIR INDIA,85819
2015,Q2,TRIVANDRUM,AIR INDIA EXPRESS,42035
2015,Q2,TRIVANDRUM,INDIGO,27345
2015,Q2,TRIVANDRUM,JET AIRWAYS,111998
2015,Q2,TRIVANDRUM,SPICEJET,16934
2015,Q2,VARANASI,AIR INDIA,282
2015,Q2,VARANASI,AIR INDIA EXPRESS,138
2015,Q2,VARANASI,INDIGO,89
2015,Q2,VARANASI,JET AIRWAYS,368
2015,Q2,VARANASI,SPICEJET,55
2015,Q2,VISAKHAPATNAM,AIR INDIA,3842
2015,Q2,VISAKHAPATNAM,AIR INDIA EXPRESS,1882
2015,Q2,VISAKHAPATNAM,INDIGO,1224
2015,Q2,VISAKHAPATNAM,JET AIRWAYS,5014
2015,Q2,VISAKHAPATNAM,SPICEJET,758
2015,Q3,AHMEDABAD,AIR INDIA,34402
2015,Q3,AHMEDABAD,AIR INDIA EXPRESS,16459
2015,Q3,AHMEDABAD,INDIGO,9817
2015,Q3,AHMEDABAD,JET AIRWAYS,43887
2015,Q3,AHMEDABAD,SPICEJET,6409
2015,Q3,AMRITSAR,AIR INDIA,12748
2015,Q3,AMRITSAR,AIR INDIA EXPRESS,6099
2015,Q3,AMRITSAR,INDIGO,3638
2015,Q3,AMRITSAR,JET AIRWAYS,16263
2015,Q3,AMRITSAR,SPICEJET,2375
2015,Q3,BENGALURU,AIR INDIA,102504
2015,Q3,BENGALURU,AIR INDIA EXPRESS,49043
2015,Q3,BENGALURU,INDIGO,29251
2015,Q3,BENGALURU,JET AIRWAYS,130765
2015,Q3,BENGALURU,SPICEJET,19097
2015,Q3,CHENNAI,AIR INDIA,168727
2015,Q3,CHENNAI,AIR INDIA EXPRESS,80729
2015,Q3,CHENNAI,INDIGO,48150
2015,Q3,CHENNAI,JET AIRWAYS,215248
2015,Q3,CHENNAI,SPICEJET,31435
2015,Q3,COIMBATORE,AIR INDIA,4461
2015,Q3,COIMBATORE,AIR INDIA EXPRESS,2134
2015,Q3,COIMBATORE,INDIGO,1273
2015,Q3,COIMBATORE,JET AIRWAYS,5691
2015,Q3,COIMBATORE,SPICEJET,831
2015,Q3,DELHI,AIR INDIA,448678
2015,Q3,DELHI,AIR INDIA EXPRESS,214673
2015,Q3,DELHI,INDIGO,128041
2015,Q3,DELHI,JET AIRWAYS,572386
2015,Q3,DELHI,SPICEJET,83591
2015,Q3,GAYA,AIR INDIA,793
2015,Q3,GAYA,AIR INDIA EXPRESS,379
2015,Q3,GAYA,INDIGO,226
2015,Q3,GAYA,JET AIRWAYS,1012
2015,Q3,GAYA,SPICEJET,147
2015,Q3,GOA,AIR INDIA,9771
2015,Q3,GOA,AIR INDIA EXPRESS,4675
2015,Q3,GOA,INDIGO,2788
2015,Q3,GOA,JET AIRWAYS,12466
2015,Q3,GOA,SPICEJET,1820
2015,Q3,HYDERABAD,AIR INDIA,99644
2015,Q3,HYDERABAD,AIR INDIA EXPRESS,47675
2015,Q3,HYDERABAD,INDIGO,28435
2015,Q3,HYDERABAD,JET AIRWAYS,127117
2015,Q3,HYDERABAD,SPICEJET,18564
2015,Q3,JAIPUR,AIR INDIA,11371
2015,Q3,JAIPUR,AIR INDIA EXPRESS,5440
2015,Q3,JAIPUR,INDIGO,3245
2015,Q3,JAIPUR,JET AIRWAYS,14506
2015,Q3,JAIPUR,SPICEJET,2118
2015,Q3,KOCHI,AIR INDIA,159904
2015,Q3,KOCHI,AIR INDIA EXPRESS,76507
2015,Q3,KOCHI,INDIGO,45632
2015,Q3,KOCHI,JET AIRWAYS,203992
2015,Q3,KOCHI,SPICEJET,29791
2015,Q3,KOLKATA,AIR INDIA,65526
2015,Q3,KOLKATA,AIR INDIA EXPRESS,31351
2015,Q3,KOLKATA,INDIGO,18699
2015,Q3,KOLKATA,JET AIRWAYS,83593
2015,Q3,KOLKATA,SPICEJET,12208
2015,Q3,KOZHIKODE,AIR INDIA,75323
2015,Q3,KOZHIKODE,AIR INDIA EXPRESS,36039
2015,Q3,KOZHIKODE,INDIGO,21495
2015,Q3,KOZHIKODE,JET AIRWAYS,96091
2015,Q3,KOZHIKODE,SPICEJET,14033
2015,Q3,LUCKNOW,AIR INDIA,19654
2015,Q3,LUCKNOW,AIR INDIA EXPRESS,9403
2015,Q3,LUCKNOW,INDIGO,5608
2015,Q3,LUCKNOW,JET AIRWAYS,25073
2015,Q3,LUCKNOW,SPICEJET,3661
2015,Q3,MADURAI,AIR INDIA,9673
2015,Q3,MADURAI,AIR INDIA EXPRESS,4628
2015,Q3,MADURAI,INDIGO,2760
2015,Q3,MADURAI,JET AIRWAYS,12340
2015,Q3,MADURAI,SPICEJET,1802
2015,Q3,MANGALORE,AIR INDIA,24051
2015,Q3,MANGALORE,AIR INDIA EXPRESS,11507
2015,Q3,MANGALORE,INDIGO,6863
2015,Q3,MANGALORE,JET AIRWAYS,30682
2015,Q3,MANGALORE,SPICEJET,4480
2015,Q3,MUMBAI,AIR INDIA,383311
2015,Q3,MUMBAI,AIR INDIA EXPRESS,183398
2015,Q3,MUMBAI,INDIGO,109386
2015,Q3,MUMBAI,JET AIRWAYS,488996
2015,Q3,MUMBAI,SPICEJET,71413
2015,Q3,NAGPUR,AIR INDIA,1649
2015,Q3,NAGPUR,AIR INDIA EXPRESS,789
2015,Q3,NAGPUR,INDIGO,470
2015,Q3,NAGPUR,JET AIRWAYS,2103
2015,Q3,NAGPUR,SPICEJET,307
2015,Q3,PUNE,AIR INDIA,8221
2015,Q3,PUNE,AIR INDIA EXPRESS,3933
2015,Q3,PUNE,INDIGO,2346
2015,Q3,PUNE,JET AIRWAYS,10487
2015,Q3,PUNE,SPICEJET,1531
2015,Q3,TIRUCHIRAPALLY,AIR INDIA,41469
2015,Q3,TIRUCHIRAPALLY,AIR INDIA EXPRESS,19841
2015,Q3,TIRUCHIRAPALLY,INDIGO,11834
2015,Q3,TIRUCHIRAPALLY,JET AIRWAYS,52903
2015,Q3,TIRUCHIRAPALLY,SPICEJET,7726
2015,Q3,TRIVANDRUM,AIR INDIA,84129
2015,Q3,TRIVANDRUM,AIR INDIA EXPRESS,40252
2015,Q3,TRIVANDRUM,INDIGO,24008
2015,Q3,TRIVANDRUM,JET AIRWAYS,107325
2015,Q3,TRIVANDRUM,SPICEJET,15673
2015,Q3,VARANASI,AIR INDIA,1432
2015,Q3,VARANASI,AIR INDIA EXPRESS,685
2015,Q3,VARANASI,INDIGO,408
2015,Q3,VARANASI,JET AIRWAYS,1827
2015,Q3,VARANASI,SPICEJET,266
2015,Q3,VISAKHAPATNAM,AIR INDIA,2964
2015,Q3,VISAKHAPATNAM,AIR INDIA EXPRESS,1418
2015,Q3,VISAKHAPATNAM,INDIGO,846
2015,Q3,VISAKHAPATNAM,JET AIRWAYS,3782
2015,Q3,VISAKHAPATNAM,SPICEJET,552
2015,Q4,AHMEDABAD,AIR INDIA,47768
2015,Q4,AHMEDABAD,AIR INDIA EXPRESS,18923
2015,Q4,AHMEDABAD,INDIGO,12271
2015,Q4,AHMEDABAD,JET AIRWAYS,57646
2015,Q4,AHMEDABAD,SPICEJET,9435
2015,Q4,AMRITSAR,AIR INDIA,22018
2015,Q4,AMRITSAR,AIR INDIA EXPRESS,8722
2015,Q4,AMRITSAR,INDIGO,5656
2015,Q4,AMRITSAR,JET AIRWAYS,26571
2015,Q4,AMRITSAR,SPICEJET,4349
2015,Q4,BENGALURU,AIR INDIA,145956
2015,Q4,BENGALURU,AIR INDIA EXPRESS,57819
2015,Q4,BENGALURU,INDIGO,37496
2015,Q4,BENGALURU,JET AIRWAYS,176138
2015,Q4,BENGALURU,SPICEJET,28829
2015,Q4,CHENNAI,AIR INDIA,174722
2015,Q4,CHENNAI,AIR INDIA EXPRESS,69214
2015,Q4,CHENNAI,INDIGO,44886
2015,Q4,CHENNAI,JET AIRWAYS,210853
2015,Q4,CHENNAI,SPICEJET,34511
2015,Q4,COIMBATORE,AIR INDIA,5721
2015,Q4,COIMBATORE,AIR INDIA EXPRESS,2266
2015,Q4,COIMBATORE,INDIGO,1469
2015,Q4,COIMBATORE,JET AIRWAYS,6905
2015,Q4,COIMBATORE,SPICEJET,1130
2015,Q4,DELHI,AIR INDIA,552566
2015,Q4,DELHI,AIR INDIA EXPRESS,218893
2015,Q4,DELHI,INDIGO,141955
2015,Q4,DELHI,JET AIRWAYS,666833
2015,Q4,DELHI,SPICEJET,109144
2015,Q4,GAYA,AIR INDIA,4440
2015,Q4,GAYA,AIR INDIA EXPRESS,1759
2015,Q4,GAYA,INDIGO,1140
2015,Q4,GAYA,JET AIRWAYS,5358
2015,Q4,GAYA,SPICEJET,877
2015,Q4,GOA,AIR INDIA,19630
2015,Q4,GOA,AIR INDIA EXPRESS,7776
2015,Q4,GOA,INDIGO,5043
2015,Q4,GOA,JET AIRWAYS,23689
2015,Q4,GOA,SPICEJET,3877
2015,Q4,HYDERABAD,AIR INDIA,119599
2015,Q4,HYDERABAD,AIR INDIA EXPRESS,47378
2015,Q4,HYDERABAD,INDIGO,30725
2015,Q4,HYDERABAD,JET AIRWAYS,144332
2015,Q4,HYDERABAD,SPICEJET,23623
2015,Q4,JAIPUR,AIR INDIA,14748
2015,Q4,JAIPUR,AIR INDIA EXPRESS,5842
2015,Q4,JAIPUR,INDIGO,3788
2015,Q4,JAIPUR,JET AIRWAYS,17798
2015,Q4,JAIPUR,SPICEJET,2913
2015,Q4,KOCHI,AIR INDIA,174653
2015,Q4,KOCHI,AIR INDIA EXPRESS,69187
2015,Q4,KOCHI,INDIGO,44868
2015,Q4,KOCHI,JET AIRWAYS,210770
2015,Q4,KOCHI,SPICEJET,34498
2015,Q4,KOLKATA,AIR INDIA,89494
2015,Q4,KOLKATA,AIR INDIA EXPRESS,35452
2015,Q4,KOLKATA,INDIGO,22991
2015,Q4,KOLKATA,JET AIRWAYS,108001
2015,Q4,KOLKATA,SPICEJET,17677
2015,Q4,KOZHIKODE,AIR INDIA,77474
2015,Q4,KOZHIKODE,AIR INDIA EXPRESS,30690
2015,Q4,KOZHIKODE,INDIGO,19903
2015,Q4,KOZHIKODE,JET AIRWAYS,93495
2015,Q4,KOZHIKODE,SPICEJET,15302
2015,Q4,LUCKNOW,AIR INDIA,25112
2015,Q4,LUCKNOW,AIR INDIA EXPRESS,9947
2015,Q4,LUCKNOW,INDIGO,6451
2015,Q4,LUCKNOW,JET AIRWAYS,30305
2015,Q4,LUCKNOW,SPICEJET,4960
2015,Q4,MADURAI,AIR INDIA,10526
2015,Q4,MADURAI,AIR INDIA EXPRESS,4170
2015,Q4,MADURAI,INDIGO,2704
2015,Q4,MADURAI,JET AIRWAYS,12703
2015,Q4,MADURAI,SPICEJET,2079
2015,Q4,MANGALORE,AIR INDIA,25750
2015,Q4,MANGALORE,AIR INDIA EXPRESS,10201
2015,Q4,MANGALORE,INDIGO,6615
2015,Q4,MANGALORE,JET AIRWAYS,31076
2015,Q4,MANGALORE,SPICEJET,5086
2015,Q4,MUMBAI,AIR INDIA,457408
2015,Q4,MUMBAI,AIR INDIA EXPRESS,181198
2015,Q4,MUMBAI,INDIGO,117509
2015,Q4,MUMBAI,JET AIRWAYS,551997
2015,Q4,MUMBAI,SPICEJET,90348
2015,Q4,NAGPUR,AIR INDIA,3274
2015,Q4,NAGPUR,AIR INDIA EXPRESS,1297
2015,Q4,NAGPUR,INDIGO,841
2015,Q4,NAGPUR,JET AIRWAYS,3951
2015,Q4,NAGPUR,SPICEJET,646
2015,Q4,PUNE,AIR INDIA,9896
2015,Q4,PUNE,AIR INDIA EXPRESS,3920
2015,Q4,PUNE,INDIGO,2542
2015,Q4,PUNE,JET AIRWAYS,11942
2015,Q4,PUNE,SPICEJET,1954
2015,Q4,TIRUCHIRAPALLY,AIR INDIA,42649
2015,Q4,TIRUCHIRAPALLY,AIR INDIA EXPRESS,16895
2015,Q4,TIRUCHIRAPALLY,INDIGO,10956
2015,Q4,TIRUCHIRAPALLY,JET AIRWAYS,51469
2015,Q4,TIRUCHIRAPALLY,SPICEJET,8424
2015,Q4,TRIVANDRUM,AIR INDIA,89039
2015,Q4,TRIVANDRUM,AIR INDIA EXPRESS,35272
2015,Q4,TRIVANDRUM,INDIGO,22874
2015,Q4,TRIVANDRUM,JET AIRWAYS,107452
2015,Q4,TRIVANDRUM,SPICEJET,17587
2015,Q4,VARANASI,AIR INDIA,2896
2015,Q4,VARANASI,AIR INDIA EXPRESS,1147
2015,Q4,VARANASI,INDIGO,744
2015,Q4,VARANASI,JET AIRWAYS,3495
2015,Q4,VARANASI,SPICEJET,572
2015,Q4,VISAKHAPATNAM,AIR INDIA,4566
2015,Q4,VISAKHAPATNAM,AIR INDIA EXPRESS,1809
2015,Q4,VISAKHAPATNAM,INDIGO,1173
2015,Q4,VISAKHAPATNAM,JET AIRWAYS,5511
2015,Q4,VISAKHAPATNAM,SPICEJET,902
2016,Q1,AHMEDABAD,AIR INDIA,45390
2016,Q1,AHMEDABAD,AIR INDIA EXPRESS,19077
2016,Q1,AHMEDABAD,INDIGO,12829
2016,Q1,AHMEDABAD,JET AIRWAYS,54158
2016,Q1,AHMEDABAD,SPICEJET,12060
2016,Q1,AMRITSAR,AIR INDIA,22672
2016,Q1,AMRITSAR,AIR INDIA EXPRESS,9529
2016,Q1,AMRITSAR,INDIGO,6408
2016,Q1,AMRITSAR,JET AIRWAYS,27052
2016,Q1,AMRITSAR,SPICEJET,6024
2016,Q1,BENGALURU,AIR INDIA,116042
2016,Q1,BENGALURU,AIR INDIA EXPRESS,48772
2016,Q1,BENGALURU,INDIGO,32800
2016,Q1,BENGALURU,JET AIRWAYS,138457
2016,Q1,BENGALURU,SPICEJET,30833
2016,Q1,CHENNAI,AIR INDIA,177014
2016,Q1,CHENNAI,AIR INDIA EXPRESS,74398
2016,Q1,CHENNAI,INDIGO,50034
2016,Q1,CHENNAI,JET AIRWAYS,211207
2016,Q1,CHENNAI,SPICEJET,47034
2016,Q1,COIMBATORE,AIR INDIA,4716
2016,Q1,COIMBATORE,AIR INDIA EXPRESS,1982
2016,Q1,COIMBATORE,INDIGO,1333
2016,Q1,COIMBATORE,JET AIRWAYS,5627
2016,Q1,COIMBATORE,SPICEJET,1253
2016,Q1,DELHI,AIR INDIA,520846
2016,Q1,DELHI,AIR INDIA EXPRESS,218909
2016,Q1,DELHI,INDIGO,147220
2016,Q1,DELHI,JET AIRWAYS,621456
2016,Q1,DELHI,SPICEJET,138393
2016,Q1,GAYA,AIR INDIA,4538
2016,Q1,GAYA,AIR INDIA EXPRESS,1907
2016,Q1,GAYA,INDIGO,1282
2016,Q1,GAYA,JET AIRWAYS,5415
2016,Q1,GAYA,SPICEJET,1206
2016,Q1,GOA,AIR INDIA,17349
2016,Q1,GOA,AIR INDIA EXPRESS,7291
2016,Q1,GOA,INDIGO,4903
2016,Q1,GOA,JET AIRWAYS,20700
2016,Q1,GOA,SPICEJET,4609
2016,Q1,HYDERABAD,AIR INDIA,105470
2016,Q1,HYDERABAD,AIR INDIA EXPRESS,44328
2016,Q1,HYDERABAD,INDIGO,29811
2016,Q1,HYDERABAD,JET AIRWAYS,125843
2016,Q1,HYDERABAD,SPICEJET,28024
2016,Q1,JAIPUR,AIR INDIA,14874
2016,Q1,JAIPUR,AIR INDIA EXPRESS,6251
2016,Q1,JAIPUR,INDIGO,4204
2016,Q1,JAIPUR,JET AIRWAYS,17747
2016,Q1,JAIPUR,SPICEJET,3952
2016,Q1,KOCHI,AIR INDIA,162876
2016,Q1,KOCHI,AIR INDIA EXPRESS,68456
2016,Q1,KOCHI,INDIGO,46037
2016,Q1,KOCHI,JET AIRWAYS,194338
2016,Q1,KOCHI,SPICEJET,43277
2016,Q1,KOLKATA,AIR INDIA,81375
2016,Q1,KOLKATA,AIR INDIA EXPRESS,34201
2016,Q1,KOLKATA,INDIGO,23001
2016,Q1,KOLKATA,JET AIRWAYS,97094
2016,Q1,KOLKATA,SPICEJET,21622
2016,Q1,KOZHIKODE,AIR INDIA,85854
2016,Q1,KOZHIKODE,AIR INDIA EXPRESS,36084
2016,Q1,KOZHIKODE,INDIGO,24267
2016,Q1,KOZHIKODE,JET AIRWAYS,102439
2016,Q1,KOZHIKODE,SPICEJET,22812
2016,Q1,LUCKNOW,AIR INDIA,26326
2016,Q1,LUCKNOW,AIR INDIA EXPRESS,11064
2016,Q1,LUCKNOW,INDIGO,7441
2016,Q1,LUCKNOW,JET AIRWAYS,31411
2016,Q1,LUCKNOW,SPICEJET,6995
2016,Q1,MADURAI,AIR INDIA,10670
2016,Q1,MADURAI,AIR INDIA EXPRESS,4484
2016,Q1,MADURAI,INDIGO,3016
2016,Q1,MADURAI,JET AIRWAYS,12731
2016,Q1,MADURAI,SPICEJET,2835
2016,Q1,MANGALORE,AIR INDIA,23097
2016,Q1,MANGALORE,AIR INDIA EXPRESS,9707
2016,Q1,MANGALORE,INDIGO,6528
2016,Q1,MANGALORE,JET AIRWAYS,27559
2016,Q1,MANGALORE,SPICEJET,6137
2016,Q1,MUMBAI,AIR INDIA,440175
2016,Q1,MUMBAI,AIR INDIA EXPRESS,185003
2016,Q1,MUMBAI,INDIGO,124418
2016,Q1,MUMBAI,JET AIRWAYS,525202
2016,Q1,MUMBAI,SPICEJET,116958
2016,Q1,NAGPUR,AIR INDIA,5402
2016,Q1,NAGPUR,AIR INDIA EXPRESS,2270
2016,Q1,NAGPUR,INDIGO,1526
2016,Q1,NAGPUR,JET AIRWAYS,6445
2016,Q1,NAGPUR,SPICEJET,1435
2016,Q1,PUNE,AIR INDIA,8541
2016,Q1,PUNE,AIR INDIA EXPRESS,3590
2016,Q1,PUNE,INDIGO,2414
2016,Q1,PUNE,JET AIRWAYS,10191
2016,Q1,PUNE,SPICEJET,2269
2016,Q1,TIRUCHIRAPALLY,AIR INDIA,44376
2016,Q1,TIRUCHIRAPALLY,AIR INDIA EXPRESS,18651
2016,Q1,TIRUCHIRAPALLY,INDIGO,12543
2016,Q1,TIRUCHIRAPALLY,JET AIRWAYS,52948
2016,Q1,TIRUCHIRAPALLY,SPICEJET,11791
2016,Q1,TRIVANDRUM,AIR INDIA,81559
2016,Q1,TRIVANDRUM,AIR INDIA EXPRESS,34278
2016,Q1,TRIVANDRUM,INDIGO,23053
2016,Q1,TRIVANDRUM,JET AIRWAYS,97313
2016,Q1,TRIVANDRUM,SPICEJET,21671
2016,Q1,VARANASI,AIR INDIA,2684
2016,Q1,VARANASI,AIR INDIA EXPRESS,1128
2016,Q1,VARANASI,INDIGO,758
2016,Q1,VARANASI,JET AIRWAYS,3203
2016,Q1,VARANASI,SPICEJET,713
2016,Q1,VISAKHAPATNAM,AIR INDIA,4430
2016,Q1,VISAKHAPATNAM,AIR INDIA EXPRESS,1862
2016,Q1,VISAKHAPATNAM,INDIGO,1252
2016,Q1,VISAKHAPATNAM,JET AIRWAYS,5286
2016,Q1,VISAKHAPATNAM,SPICEJET,1177
2016,Q2,AHMEDABAD,AIR INDIA,37201
2016,Q2,AHMEDABAD,AIR INDIA EXPRESS,20586
2016,Q2,AHMEDABAD,INDIGO,11439
2016,Q2,AHMEDABAD,JET AIRWAYS,51368
2016,Q2,AHMEDABAD,SPICEJET,11172
2016,Q2,AMRITSAR,AIR INDIA,23766
2016,Q2,AMRITSAR,AIR INDIA EXPRESS,13151
2016,Q2,AMRITSAR,INDIGO,7308
2016,Q2,AMRITSAR,JET AIRWAYS,32816
2016,Q2,AMRITSAR,SPICEJET,7137
2016,Q2,BENGALURU,AIR INDIA,106582
2016,Q2,BENGALURU,AIR INDIA EXPRESS,58981
2016,Q2,BENGALURU,INDIGO,32774
2016,Q2,BENGALURU,JET AIRWAYS,147171
2016,Q2,BENGALURU,SPICEJET,32009
2016,Q2,CHANDIGARH,AIR INDIA,5722
2016,Q2,CHANDIGARH,AIR INDIA EXPRESS,3166
2016,Q2,CHANDIGARH,INDIGO,1759
2016,Q2,CHANDIGARH,JET AIRWAYS,7901
2016,Q2,CHANDIGARH,SPICEJET,1718
2016,Q2,CHENNAI,AIR INDIA,159891
2016,Q2,CHENNAI,AIR INDIA EXPRESS,88481
2016,Q2,CHENNAI,INDIGO,49166
2016,Q2,CHENNAI,JET AIRWAYS,220781
2016,Q2,CHENNAI,SPICEJET,48020
2016,Q2,COIMBATORE,AIR INDIA,4263
2016,Q2,COIMBATORE,AIR INDIA EXPRESS,2359
2016,Q2,COIMBATORE,INDIGO,1311
2016,Q2,COIMBATORE,JET AIRWAYS,5887
2016,Q2,COIMBATORE,SPICEJET,1280
2016,Q2,DELHI,AIR INDIA,538607
2016,Q2,DELHI,AIR INDIA EXPRESS,298057
2016,Q2,DELHI,INDIGO,165622
2016,Q2,DELHI,JET AIRWAYS,743719
2016,Q2,DELHI,SPICEJET,161759
2016,Q2,GAYA,AIR INDIA,5490
2016,Q2,GAYA,AIR INDIA EXPRESS,3038
2016,Q2,GAYA,INDIGO,1688
2016,Q2,GAYA,JET AIRWAYS,7581
2016,Q2,GAYA,SPICEJET,1649
2016,Q2,GOA,AIR INDIA,20218
2016,Q2,GOA,AIR INDIA EXPRESS,11188
2016,Q2,GOA,INDIGO,6217
2016,Q2,GOA,JET AIRWAYS,27917
2016,Q2,GOA,SPICEJET,6072
2016,Q2,HYDERABAD,AIR INDIA,100309
2016,Q2,HYDERABAD,AIR INDIA EXPRESS,55509
2016,Q2,HYDERABAD,INDIGO,30845
2016,Q2,HYDERABAD,JET AIRWAYS,138509
2016,Q2,HYDERABAD,SPICEJET,30125
2016,Q2,JAIPUR,AIR INDIA,15508
2016,Q2,JAIPUR,AIR INDIA EXPRESS,8582
2016,Q2,JAIPUR,INDIGO,4769
2016,Q2,JAIPUR,JET AIRWAYS,21414
2016,Q2,JAIPUR,SPICEJET,4657
2016,Q2,KOCHI,AIR INDIA,149480
2016,Q2,KOCHI,AIR INDIA EXPRESS,82720
2016,Q2,KOCHI,INDIGO,45965
2016,Q2,KOCHI,JET AIRWAYS,206405
2016,Q2,KOCHI,SPICEJET,44893
2016,Q2,KOLKATA,AIR INDIA,79655
2016,Q2,KOLKATA,AIR INDIA EXPRESS,44080
2016,Q2,KOLKATA,INDIGO,24494
2016,Q2,KOLKATA,JET AIRWAYS,109990
2016,Q2,KOLKATA,SPICEJET,23922
2016,Q2,KOZHIKODE,AIR INDIA,74394
2016,Q2,KOZHIKODE,AIR INDIA EXPRESS,41168
2016,Q2,KOZHIKODE,INDIGO,22876
2016,Q2,KOZHIKODE,JET AIRWAYS,102725
2016,Q2,KOZHIKODE,SPICEJET,22342
2016,Q2,LUCKNOW,AIR INDIA,24918
2016,Q2,LUCKNOW,AIR INDIA EXPRESS,13789
2016,Q2,LUCKNOW,INDIGO,7662
2016,Q2,LUCKNOW,JET AIRWAYS,34407
2016,Q2,LUCKNOW,SPICEJET,7483
2016,Q2,MADURAI,AIR INDIA,9162
2016,Q2,MADURAI,AIR INDIA EXPRESS,5070
2016,Q2,MADURAI,INDIGO,2817
2016,Q2,MADURAI,JET AIRWAYS,12651
2016,Q2,MADURAI,SPICEJET,2751
2016,Q2,MANGALORE,AIR INDIA,23048
2016,Q2,MANGALORE,AIR INDIA EXPRESS,12754
2016,Q2,MANGALORE,INDIGO,7087
2016,Q2,MANGALORE,JET AIRWAYS,31825
2016,Q2,MANGALORE,SPICEJET,6922
2016,Q2,MUMBAI,AIR INDIA,397667
2016,Q2,MUMBAI,AIR INDIA EXPRESS,220063
2016,Q2,MUMBAI,INDIGO,122283
2016,Q2,MUMBAI,JET AIRWAYS,549107
2016,Q2,MUMBAI,SPICEJET,119430
2016,Q2,NAGPUR,AIR INDIA,3125
2016,Q2,NAGPUR,AIR INDIA EXPRESS,1729
2016,Q2,NAGPUR,INDIGO,961
2016,Q2,NAGPUR,JET AIRWAYS,4315
2016,Q2,NAGPUR,SPICEJET,938
2016,Q2,PUNE,AIR INDIA,8943
2016,Q2,PUNE,AIR INDIA EXPRESS,4949
2016,Q2,PUNE,INDIGO,2750
2016,Q2,PUNE,JET AIRWAYS,12349
2016,Q2,PUNE,SPICEJET,2686
2016,Q2,TIRUCHIRAPALLY,AIR INDIA,43386
2016,Q2,TIRUCHIRAPALLY,AIR INDIA EXPRESS,24009
2016,Q2,TIRUCHIRAPALLY,INDIGO,13341
2016,Q2,TIRUCHIRAPALLY,JET AIRWAYS,59908
2016,Q2,TIRUCHIRAPALLY,SPICEJET,13030
2016,Q2,TRIVANDRUM,AIR INDIA,74514
2016,Q2,TRIVANDRUM,AIR INDIA EXPRESS,41235
2016,Q2,TRIVANDRUM,INDIGO,22913
2016,Q2,TRIVANDRUM,JET AIRWAYS,102891
2016,Q2,TRIVANDRUM,SPICEJET,22378
2016,Q2,VARANASI,AIR INDIA,4242
2016,Q2,VARANASI,AIR INDIA EXPRESS,2347
2016,Q2,VARANASI,INDIGO,1304
2016,Q2,VARANASI,JET AIRWAYS,5858
2016,Q2,VARANASI,SPICEJET,1274
2016,Q2,VISAKHAPATNAM,AIR INDIA,3571
2016,Q2,VISAKHAPATNAM,AIR INDIA EXPRESS,1976
2016,Q2,VISAKHAPATNAM,INDIGO,1098
2016,Q2,VISAKHAPATNAM,JET AIRWAYS,4932
2016,Q2,VISAKHAPATNAM,SPICEJET,1072
2016,Q3,AHMEDABAD,AIR INDIA,43453
2016,Q3,AHMEDABAD,AIR INDIA EXPRESS,24300
2016,Q3,AHMEDABAD,INDIGO,12797
2016,Q3,AHMEDABAD,JET AIRWAYS,60057
2016,Q3,AHMEDABAD,SPICEJET,12096
2016,Q3,AMRITSAR,AIR INDIA,25080
2016,Q3,AMRITSAR,AIR INDIA EXPRESS,14026
2016,Q3,AMRITSAR,INDIGO,7386
2016,Q3,AMRITSAR,JET AIRWAYS,34664
2016,Q3,AMRITSAR,SPICEJET,6981
2016,Q3,BENGALURU,AIR INDIA,121550
2016,Q3,BENGALURU,AIR INDIA EXPRESS,67976
2016,Q3,BENGALURU,INDIGO,35798
2016,Q3,BENGALURU,JET AIRWAYS,167998
2016,Q3,BENGALURU,SPICEJET,33836
2016,Q3,CHANDIGARH,AIR INDIA,5608
2016,Q3,CHANDIGARH,AIR INDIA EXPRESS,3136
2016,Q3,CHANDIGARH,INDIGO,1651
2016,Q3,CHANDIGARH,JET AIRWAYS,7751
2016,Q3,CHANDIGARH,SPICEJET,1561
2016,Q3,CHENNAI,AIR INDIA,172816
2016,Q3,CHENNAI,AIR INDIA EXPRESS,96646
2016,Q3,CHENNAI,INDIGO,50896
2016,Q3,CHENNAI,JET AIRWAYS,238854
2016,Q3,CHENNAI,SPICEJET,48107
2016,Q3,COIMBATORE,AIR INDIA,5295
2016,Q3,COIMBATORE,AIR INDIA EXPRESS,2961
2016,Q3,COIMBATORE,INDIGO,1559
2016,Q3,COIMBATORE,JET AIRWAYS,7319
2016,Q3,COIMBATORE,SPICEJET,1474
2016,Q3,DELHI,AIR INDIA,555040
2016,Q3,DELHI,AIR INDIA EXPRESS,310403
2016,Q3,DELHI,INDIGO,163466
2016,Q3,DELHI,JET AIRWAYS,767134
2016,Q3,DELHI,SPICEJET,154507
2016,Q3,GAYA,AIR INDIA,4513
2016,Q3,GAYA,AIR INDIA EXPRESS,2524
2016,Q3,GAYA,INDIGO,1329
2016,Q3,GAYA,JET AIRWAYS,6238
2016,Q3,GAYA,SPICEJET,1256
2016,Q3,GOA,AIR INDIA,20637
2016,Q3,GOA,AIR INDIA EXPRESS,11541
2016,Q3,GOA,INDIGO,6078
2016,Q3,GOA,JET AIRWAYS,28523
2016,Q3,GOA,SPICEJET,5744
2016,Q3,HYDERABAD,AIR INDIA,112719
2016,Q3,HYDERABAD,AIR INDIA EXPRESS,63037
2016,Q3,HYDERABAD,INDIGO,33197
2016,Q3,HYDERABAD,JET AIRWAYS,155792
2016,Q3,HYDERABAD,SPICEJET,31377
2016,Q3,JAIPUR,AIR INDIA,15579
2016,Q3,JAIPUR,AIR INDIA EXPRESS,8712
2016,Q3,JAIPUR,INDIGO,4588
2016,Q3,JAIPUR,JET AIRWAYS,21532
2016,Q3,JAIPUR,SPICEJET,4336
2016,Q3,KOCHI,AIR INDIA,158598
2016,Q3,KOCHI,AIR INDIA EXPRESS,88695
2016,Q3,KOCHI,INDIGO,46709
2016,Q3,KOCHI,JET AIRWAYS,219202
2016,Q3,KOCHI,SPICEJET,44149
2016,Q3,KOLKATA,AIR INDIA,75973
2016,Q3,KOLKATA,AIR INDIA EXPRESS,42487
2016,Q3,KOLKATA,INDIGO,22375
2016,Q3,KOLKATA,JET AIRWAYS,105005
2016,Q3,KOLKATA,SPICEJET,21148
2016,Q3,KOZHIKODE,AIR INDIA,74477
2016,Q3,KOZHIKODE,AIR INDIA EXPRESS,41651
2016,Q3,KOZHIKODE,INDIGO,21934
2016,Q3,KOZHIKODE,JET AIRWAYS,102936
2016,Q3,KOZHIKODE,SPICEJET,20732
2016,Q3,LUCKNOW,AIR INDIA,24335
2016,Q3,LUCKNOW,AIR INDIA EXPRESS,13609
2016,Q3,LUCKNOW,INDIGO,7167
2016,Q3,LUCKNOW,JET AIRWAYS,33634
2016,Q3,LUCKNOW,SPICEJET,6774
2016,Q3,MADURAI,AIR INDIA,9013
2016,Q3,MADURAI,AIR INDIA EXPRESS,5040
2016,Q3,MADURAI,INDIGO,2654
2016,Q3,MADURAI,JET AIRWAYS,12457
2016,Q3,MADURAI,SPICEJET,2508
2016,Q3,MANGALORE,AIR INDIA,25453
2016,Q3,MANGALORE,AIR INDIA EXPRESS,14234
2016,Q3,MANGALORE,INDIGO,7496
2016,Q3,MANGALORE,JET AIRWAYS,35179
2016,Q3,MANGALORE,SPICEJET,7085
2016,Q3,MUMBAI,AIR INDIA,444252
2016,Q3,MUMBAI,AIR INDIA EXPRESS,248445
2016,Q3,MUMBAI,INDIGO,130838
2016,Q3,MUMBAI,JET AIRWAYS,614011
2016,Q3,MUMBAI,SPICEJET,123666
2016,Q3,NAGPUR,AIR INDIA,4119
2016,Q3,NAGPUR,AIR INDIA EXPRESS,2303
2016,Q3,NAGPUR,INDIGO,1213
2016,Q3,NAGPUR,JET AIRWAYS,5693
2016,Q3,NAGPUR,SPICEJET,1146
2016,Q3,PUNE,AIR INDIA,9660
2016,Q3,PUNE,AIR INDIA EXPRESS,5402
2016,Q3,PUNE,INDIGO,2845
2016,Q3,PUNE,JET AIRWAYS,13351
2016,Q3,PUNE,SPICEJET,2689
2016,Q3,TIRUCHIRAPALLY,AIR INDIA,44424
2016,Q3,TIRUCHIRAPALLY,AIR INDIA EXPRESS,24844
2016,Q3,TIRUCHIRAPALLY,INDIGO,13083
2016,Q3,TIRUCHIRAPALLY,JET AIRWAYS,61399
2016,Q3,TIRUCHIRAPALLY,SPICEJET,12366
2016,Q3,TRIVANDRUM,AIR INDIA,78723
2016,Q3,TRIVANDRUM,AIR INDIA EXPRESS,44025
2016,Q3,TRIVANDRUM,INDIGO,23185
2016,Q3,TRIVANDRUM,JET AIRWAYS,108805
2016,Q3,TRIVANDRUM,SPICEJET,21914
2016,Q3,VARANASI,AIR INDIA,5037
2016,Q3,VARANASI,AIR INDIA EXPRESS,2817
2016,Q3,VARANASI,INDIGO,1483
2016,Q3,VARANASI,JET AIRWAYS,6962
2016,Q3,VARANASI,SPICEJET,1402
2016,Q3,VISAKHAPATNAM,AIR INDIA,3907
2016,Q3,VISAKHAPATNAM,AIR INDIA EXPRESS,2185
2016,Q3,VISAKHAPATNAM,INDIGO,1150
2016,Q3,VISAKHAPATNAM,JET AIRWAYS,5401
2016,Q3,VISAKHAPATNAM,SPICEJET,1087
2016,Q4,AHMEDABAD,AIR INDIA,36579
2016,Q4,AHMEDABAD,AIR INDIA EXPRESS,19378
2016,Q4,AHMEDABAD,INDIGO,12002
2016,Q4,AHMEDABAD,JET AIRWAYS,49106
2016,Q4,AHMEDABAD,SPICEJET,9996
2016,Q4,AMRITSAR,AIR INDIA,21539
2016,Q4,AMRITSAR,AIR INDIA EXPRESS,11410
2016,Q4,AMRITSAR,INDIGO,7067
2016,Q4,AMRITSAR,JET AIRWAYS,28916
2016,Q4,AMRITSAR,SPICEJET,5886
2016,Q4,BENGALURU,AIR INDIA,109049
2016,Q4,BENGALURU,AIR INDIA EXPRESS,57769
2016,Q4,BENGALURU,INDIGO,35780
2016,Q4,BENGALURU,JET AIRWAYS,146394
2016,Q4,BENGALURU,SPICEJET,29801
2016,Q4,CHANDIGARH,AIR INDIA,360
2016,Q4,CHANDIGARH,AIR INDIA EXPRESS,190
2016,Q4,CHANDIGARH,INDIGO,118
2016,Q4,CHANDIGARH,JET AIRWAYS,483
2016,Q4,CHANDIGARH,SPICEJET,98
2016,Q4,CHENNAI,AIR INDIA,169472
2016,Q4,CHENNAI,AIR INDIA EXPRESS,89778
2016,Q4,CHENNAI,INDIGO,55606
2016,Q4,CHENNAI,JET AIRWAYS,227511
2016,Q4,CHENNAI,SPICEJET,46314
2016,Q4,COIMBATORE,AIR INDIA,4569
2016,Q4,COIMBATORE,AIR INDIA EXPRESS,2420
2016,Q4,COIMBATORE,INDIGO,1499
2016,Q4,COIMBATORE,JET AIRWAYS,6133
2016,Q4,COIMBATORE,SPICEJET,1248
2016,Q4,DELHI,AIR INDIA,484949
2016,Q4,DELHI,AIR INDIA EXPRESS,256903
2016,Q4,DELHI,INDIGO,159119
2016,Q4,DELHI,JET AIRWAYS,651028
2016,Q4,DELHI,SPICEJET,132530
2016,Q4,GAYA,AIR INDIA,295
2016,Q4,GAYA,AIR INDIA EXPRESS,156
2016,Q4,GAYA,INDIGO,97
2016,Q4,GAYA,JET AIRWAYS,397
2016,Q4,GAYA,SPICEJET,80
2016,Q4,GOA,AIR INDIA,9194
2016,Q4,GOA,AIR INDIA EXPRESS,4870
2016,Q4,GOA,INDIGO,3016
2016,Q4,GOA,JET AIRWAYS,12343
2016,Q4,GOA,SPICEJET,2512
2016,Q4,HYDERABAD,AIR INDIA,109287
2016,Q4,HYDERABAD,AIR INDIA EXPRESS,57895
2016,Q4,HYDERABAD,INDIGO,35858
2016,Q4,HYDERABAD,JET AIRWAYS,146714
2016,Q4,HYDERABAD,SPICEJET,29866
2016,Q4,JAIPUR,AIR INDIA,12784
2016,Q4,JAIPUR,AIR INDIA EXPRESS,6772
2016,Q4,JAIPUR,INDIGO,4194
2016,Q4,JAIPUR,JET AIRWAYS,17162
2016,Q4,JAIPUR,SPICEJET,3493
2016,Q4,KOCHI,AIR INDIA,171001
2016,Q4,KOCHI,AIR INDIA EXPRESS,90588
2016,Q4,KOCHI,INDIGO,56108
2016,Q4,KOCHI,JET AIRWAYS,229564
2016,Q4,KOCHI,SPICEJET,46732
2016,Q4,KOLKATA,AIR INDIA,69063
2016,Q4,KOLKATA,AIR INDIA EXPRESS,36586
2016,Q4,KOLKATA,INDIGO,22660
2016,Q4,KOLKATA,JET AIRWAYS,92714
2016,Q4,KOLKATA,SPICEJET,18874
2016,Q4,KOZHIKODE,AIR INDIA,79420
2016,Q4,KOZHIKODE,AIR INDIA EXPRESS,42073
2016,Q4,KOZHIKODE,INDIGO,26059
2016,Q4,KOZHIKODE,JET AIRWAYS,106618
2016,Q4,KOZHIKODE,SPICEJET,21704
2016,Q4,LUCKNOW,AIR INDIA,21179
2016,Q4,LUCKNOW,AIR INDIA EXPRESS,11220
2016,Q4,LUCKNOW,INDIGO,6949
2016,Q4,LUCKNOW,JET AIRWAYS,28433
2016,Q4,LUCKNOW,SPICEJET,5788
2016,Q4,MADURAI,AIR INDIA,11462
2016,Q4,MADURAI,AIR INDIA EXPRESS,6072
2016,Q4,MADURAI,INDIGO,3761
2016,Q4,MADURAI,JET AIRWAYS,15388
2016,Q4,MADURAI,SPICEJET,3132
2016,Q4,MANGALORE,AIR INDIA,24584
2016,Q4,MANGALORE,AIR INDIA EXPRESS,13023
2016,Q4,MANGALORE,INDIGO,8066
2016,Q4,MANGALORE,JET AIRWAYS,33004
2016,Q4,MANGALORE,SPICEJET,6718
2016,Q4,MUMBAI,AIR INDIA,401579
2016,Q4,MUMBAI,AIR INDIA EXPRESS,212738
2016,Q4,MUMBAI,INDIGO,131764
2016,Q4,MUMBAI,JET AIRWAYS,539107
2016,Q4,MUMBAI,SPICEJET,109746
2016,Q4,NAGPUR,AIR INDIA,3211
2016,Q4,NAGPUR,AIR INDIA EXPRESS,1701
2016,Q4,NAGPUR,INDIGO,1053
2016,Q4,NAGPUR,JET AIRWAYS,4311
2016,Q4,NAGPUR,SPICEJET,877
2016,Q4,PUNE,AIR INDIA,8231
2016,Q4,PUNE,AIR INDIA EXPRESS,4360
2016,Q4,PUNE,INDIGO,2700
2016,Q4,PUNE,JET AIRWAYS,11050
2016,Q4,PUNE,SPICEJET,2249
2016,Q4,TIRUCHIRAPALLY,AIR INDIA,41179
2016,Q4,TIRUCHIRAPALLY,AIR INDIA EXPRESS,21814
2016,Q4,TIRUCHIRAPALLY,INDIGO,13511
2016,Q4,TIRUCHIRAPALLY,JET AIRWAYS,55281
2016,Q4,TIRUCHIRAPALLY,SPICEJET,11253
2016,Q4,TRIVANDRUM,AIR INDIA,82115
2016,Q4,TRIVANDRUM,AIR INDIA EXPRESS,43500
2016,Q4,TRIVANDRUM,INDIGO,26943
2016,Q4,TRIVANDRUM,JET AIRWAYS,110236
2016,Q4,TRIVANDRUM,SPICEJET,22441
2016,Q4,VARANASI,AIR INDIA,1660
2016,Q4,VARANASI,AIR INDIA EXPRESS,879
2016,Q4,VARANASI,INDIGO,544
2016,Q4,VARANASI,JET AIRWAYS,2229
2016,Q4,VARANASI,SPICEJET,453
2016,Q4,VISAKHAPATNAM,AIR INDIA,3037
2016,Q4,VISAKHAPATNAM,AIR INDIA EXPRESS,1609
2016,Q4,VISAKHAPATNAM,INDIGO,996
2016,Q4,VISAKHAPATNAM,JET AIRWAYS,4078
2016,Q4,VISAKHAPATNAM,SPICEJET,830
2017,Q1,AHMEDABAD,AIR INDIA,35969
2017,Q1,AHMEDABAD,AIR INDIA EXPRESS,19902
2017,Q1,AHMEDABAD,INDIGO,13480
2017,Q1,AHMEDABAD,JET AIRWAYS,48445
2017,Q1,AHMEDABAD,SPICEJET,10458
2017,Q1,AMRITSAR,AIR INDIA,14345
2017,Q1,AMRITSAR,AIR INDIA EXPRESS,7937
2017,Q1,AMRITSAR,INDIGO,5376
2017,Q1,AMRITSAR,JET AIRWAYS,19320
2017,Q1,AMRITSAR,SPICEJET,4170
2017,Q1,BENGALURU,AIR INDIA,118751
2017,Q1,BENGALURU,AIR INDIA EXPRESS,65707
2017,Q1,BENGALURU,INDIGO,44504
2017,Q1,BENGALURU,JET AIRWAYS,159939
2017,Q1,BENGALURU,SPICEJET,34527
2017,Q1,CHENNAI,AIR INDIA,173443
2017,Q1,CHENNAI,AIR INDIA EXPRESS,95969
2017,Q1,CHENNAI,INDIGO,65001
2017,Q1,CHENNAI,JET AIRWAYS,233600
2017,Q1,CHENNAI,SPICEJET,50428
2017,Q1,COIMBATORE,AIR INDIA,4962
2017,Q1,COIMBATORE,AIR INDIA EXPRESS,2745
2017,Q1,COIMBATORE,INDIGO,1859
2017,Q1,COIMBATORE,JET AIRWAYS,6683
2017,Q1,COIMBATORE,SPICEJET,1442
2017,Q1,DELHI,AIR INDIA,432118
2017,Q1,DELHI,AIR INDIA EXPRESS,239097
2017,Q1,DELHI,INDIGO,161945
2017,Q1,DELHI,JET AIRWAYS,581992
2017,Q1,DELHI,SPICEJET,125638
2017,Q1,GAYA,AIR INDIA,367
2017,Q1,GAYA,AIR INDIA EXPRESS,203
2017,Q1,GAYA,INDIGO,137
2017,Q1,GAYA,JET AIRWAYS,495
2017,Q1,GAYA,SPICEJET,106
2017,Q1,GOA,AIR INDIA,9823
2017,Q1,GOA,AIR INDIA EXPRESS,5435
2017,Q1,GOA,INDIGO,3681
2017,Q1,GOA,JET AIRWAYS,13230
2017,Q1,GOA,SPICEJET,2856
2017,Q1,HYDERABAD,AIR INDIA,106168
2017,Q1,HYDERABAD,AIR INDIA EXPRESS,58744
2017,Q1,HYDERABAD,INDIGO,39789
2017,Q1,HYDERABAD,JET AIRWAYS,142992
2017,Q1,HYDERABAD,SPICEJET,30868
2017,Q1,JAIPUR,AIR INDIA,12417
2017,Q1,JAIPUR,AIR INDIA EXPRESS,6870
2017,Q1,JAIPUR,INDIGO,4653
2017,Q1,JAIPUR,JET AIRWAYS,16724
2017,Q1,JAIPUR,SPICEJET,3610
2017,Q1,KOCHI,AIR INDIA,172486
2017,Q1,KOCHI,AIR INDIA EXPRESS,95439
2017,Q1,KOCHI,INDIGO,64643
2017,Q1,KOCHI,JET AIRWAYS,232311
2017,Q1,KOCHI,SPICEJET,50150
2017,Q1,KOLKATA,AIR INDIA,72563
2017,Q1,KOLKATA,AIR INDIA EXPRESS,40150
2017,Q1,KOLKATA,INDIGO,27194
2017,Q1,KOLKATA,JET AIRWAYS,97730
2017,Q1,KOLKATA,SPICEJET,21097
2017,Q1,KOZHIKODE,AIR INDIA,77254
2017,Q1,KOZHIKODE,AIR INDIA EXPRESS,42746
2017,Q1,KOZHIKODE,INDIGO,28953
2017,Q1,KOZHIKODE,JET AIRWAYS,104049
2017,Q1,KOZHIKODE,SPICEJET,22461
2017,Q1,LUCKNOW,AIR INDIA,23089
2017,Q1,LUCKNOW,AIR INDIA EXPRESS,12775
2017,Q1,LUCKNOW,INDIGO,8653
2017,Q1,LUCKNOW,JET AIRWAYS,31097
2017,Q1,LUCKNOW,SPICEJET,6713
2017,Q1,MADURAI,AIR INDIA,10368
2017,Q1,MADURAI,AIR INDIA EXPRESS,5737
2017,Q1,MADURAI,INDIGO,3885
2017,Q1,MADURAI,JET AIRWAYS,13965
2017,Q1,MADURAI,SPICEJET,3014
2017,Q1,MANGALORE,AIR INDIA,23651
2017,Q1,MANGALORE,AIR INDIA EXPRESS,13086
2017,Q1,MANGALORE,INDIGO,8864
2017,Q1,MANGALORE,JET AIRWAYS,31855
2017,Q1,MANGALORE,SPICEJET,6876
2017,Q1,MUMBAI,AIR INDIA,397854
2017,Q1,MUMBAI,AIR INDIA EXPRESS,220139
2017,Q1,MUMBAI,INDIGO,149104
2017,Q1,MUMBAI,JET AIRWAYS,535845
2017,Q1,MUMBAI,SPICEJET,115676
2017,Q1,NAGPUR,AIR INDIA,3765
2017,Q1,NAGPUR,AIR INDIA EXPRESS,2083
2017,Q1,NAGPUR,INDIGO,1411
2017,Q1,NAGPUR,JET AIRWAYS,5071
2017,Q1,NAGPUR,SPICEJET,1094
2017,Q1,PUNE,AIR INDIA,8196
2017,Q1,PUNE,AIR INDIA EXPRESS,4535
2017,Q1,PUNE,INDIGO,3071
2017,Q1,PUNE,JET AIRWAYS,11038
2017,Q1,PUNE,SPICEJET,2383
2017,Q1,TIRUCHIRAPALLY,AIR INDIA,42341
2017,Q1,TIRUCHIRAPALLY,AIR INDIA EXPRESS,23428
2017,Q1,TIRUCHIRAPALLY,INDIGO,15868
2017,Q1,TIRUCHIRAPALLY,JET AIRWAYS,57027
2017,Q1,TIRUCHIRAPALLY,SPICEJET,12310
2017,Q1,TRIVANDRUM,AIR INDIA,83844
2017,Q1,TRIVANDRUM,AIR INDIA EXPRESS,46392
2017,Q1,TRIVANDRUM,INDIGO,31422
2017,Q1,TRIVANDRUM,JET AIRWAYS,112925
2017,Q1,TRIVANDRUM,SPICEJET,24377
2017,Q1,VARANASI,AIR INDIA,1499
2017,Q1,VARANASI,AIR INDIA EXPRESS,829
2017,Q1,VARANASI,INDIGO,561
2017,Q1,VARANASI,JET AIRWAYS,2019
2017,Q1,VARANASI,SPICEJET,435
2017,Q1,VISAKHAPATNAM,AIR INDIA,3610
2017,Q1,VISAKHAPATNAM,AIR INDIA EXPRESS,1997
2017,Q1,VISAKHAPATNAM,INDIGO,1353
2017,Q1,VISAKHAPATNAM,JET AIRWAYS,4862
2017,Q1,VISAKHAPATNAM,SPICEJET,1049
